tile_id,row_type,row_id,row_pos,plant_id,plant_coord,plant_x,plant_y,plant_height
1_0,Y,1,-39.345536346435544,17,-4.42428,-4.42428,-39.345536346435544,1.0992920136873563
1_0,Y,1,-39.345536346435544,12,-6.0727034,-6.0727034,-39.345536346435544,1.0697546325691856
1_0,Y,1,-39.345536346435544,15,-5.2634773,-5.2634773,-39.345536346435544,1.0685264544628383
1_0,Y,2,-38.575665588378904,14,-4.941613,-4.941613,-38.575665588378904,1.0644144424294848
1_0,Y,1,-39.345536346435544,8,-7.441394,-7.441394,-39.345536346435544,1.0575547903967122
1_0,Y,1,-39.345536346435544,16,-5.0636687,-5.0636687,-39.345536346435544,1.0533548065851415
1_0,Y,1,-39.345536346435544,9,-7.1516714,-7.1516714,-39.345536346435544,1.051985055775316
1_0,Y,1,-39.345536346435544,2,-9.019884,-9.019884,-39.345536346435544,1.051801572319337
1_0,Y,1,-39.345536346435544,13,-5.8029613,-5.8029613,-39.345536346435544,1.0423627766676595
1_0,Y,1,-39.345536346435544,10,-6.901911,-6.901911,-39.345536346435544,1.0403586867631378
1_0,Y,1,-39.345536346435544,6,-7.9608974,-7.9608974,-39.345536346435544,1.038256616818285
1_0,Y,1,-39.345536346435544,14,-5.6031528,-5.6031528,-39.345536346435544,1.0380427958345824
1_0,Y,2,-38.575665588378904,10,-6.30015,-6.30015,-38.575665588378904,1.0005316061416867
1_0,Y,2,-38.575665588378904,8,-7.4589024,-7.4589024,-38.575665588378904,0.992198817121707
1_0,Y,1,-39.345536346435544,4,-8.46042,-8.46042,-39.345536346435544,0.9913947337532505
1_0,Y,3,-37.745804901123044,9,-7.7904377,-7.7904377,-37.745804901123044,0.9862701691310565
1_0,Y,2,-38.575665588378904,3,-9.1770525,-9.1770525,-38.575665588378904,0.9837995855297144
1_0,Y,2,-38.575665588378904,15,-4.6818924,-4.6818924,-38.575665588378904,0.9796911315694212
1_0,Y,3,-37.745804901123044,11,-7.270938,-7.270938,-37.745804901123044,0.9792546146415494
1_0,Y,2,-38.575665588378904,12,-5.670828,-5.670828,-38.575665588378904,0.9734689817748219
1_0,Y,3,-37.745804901123044,13,-6.28189,-6.28189,-37.745804901123044,0.9683832544512079
1_0,Y,1,-39.345536346435544,3,-8.760133,-8.760133,-39.345536346435544,0.967180166287783
1_0,Y,1,-39.345536346435544,5,-8.160706,-8.160706,-39.345536346435544,0.9660597001261088
1_0,Y,3,-37.745804901123044,7,-8.170073,-8.170073,-37.745804901123044,0.9577425242292648
1_0,Y,3,-37.745804901123044,15,-5.6125345,-5.6125345,-37.745804901123044,0.9566641579285133
1_0,Y,3,-37.745804901123044,18,-4.403698,-4.403698,-37.745804901123044,0.9547946548460025
1_0,Y,4,-37.06591903686523,17,-4.4326215,-4.4326215,-37.06591903686523,0.9505484590735411
1_0,Y,2,-38.575665588378904,13,-5.331193,-5.331193,-38.575665588378904,0.950233440562581
1_0,Y,2,-38.575665588378904,6,-7.908418,-7.908418,-38.575665588378904,0.9472114199227314
1_0,Y,3,-37.745804901123044,5,-8.999273,-8.999273,-37.745804901123044,0.9433495558104605
1_0,Y,3,-37.745804901123044,8,-7.9602737,-7.9602737,-37.745804901123044,0.9392147746266344
1_0,Y,2,-38.575665588378904,7,-7.6387086,-7.6387086,-38.575665588378904,0.936098033888602
1_0,Y,2,-38.575665588378904,5,-8.1681385,-8.1681385,-38.575665588378904,0.9355557562849806
1_0,Y,1,-39.345536346435544,11,-6.5422544,-6.5422544,-39.345536346435544,0.9349043519616823
1_0,Y,22,-22.51836120605469,49,-7.233842,-7.233842,-22.51836120605469,0.9348809422702595
1_0,Y,23,-21.748490447998048,48,-7.173607,-7.173607,-21.748490447998048,0.933497568737578
1_0,Y,1,-39.345536346435544,7,-7.641203,-7.641203,-39.345536346435544,0.9303798091502563
1_0,Y,3,-37.745804901123044,6,-8.739523,-8.739523,-37.745804901123044,0.9287143225615375
1_0,Y,3,-37.745804901123044,10,-7.5906296,-7.5906296,-37.745804901123044,0.928511295560375
1_0,Y,4,-37.06591903686523,16,-4.6824594,-4.6824594,-37.06591903686523,0.9228225933062759
1_0,Y,3,-37.745804901123044,16,-5.0930347,-5.0930347,-37.745804901123044,0.9203934806360077
1_0,Y,4,-37.06591903686523,9,-7.190833,-7.190833,-37.06591903686523,0.919730595376521
1_0,Y,3,-37.745804901123044,17,-4.843275,-4.843275,-37.745804901123044,0.9193196571122104
1_0,Y,2,-38.575665588378904,9,-6.7796335,-6.7796335,-38.575665588378904,0.9156926301682123
1_0,Y,19,-24.82797348022461,54,-4.6627083,-4.6627083,-24.82797348022461,0.9149775859273716
1_0,Y,22,-22.51836120605469,50,-7.043867,-7.043867,-22.51836120605469,0.9140674238691014
1_0,Y,3,-37.745804901123044,2,-9.658639,-9.658639,-37.745804901123044,0.9122073007419791
1_0,Y,4,-37.06591903686523,11,-6.6212025,-6.6212025,-37.06591903686523,0.9089255910456072
1_0,Y,19,-24.82797348022461,52,-5.142684,-5.142684,-24.82797348022461,0.9088476049515712
1_0,Y,22,-22.51836120605469,48,-7.7537746,-7.7537746,-22.51836120605469,0.9081022759348871
1_0,Y,19,-24.82797348022461,42,-8.742504,-8.742504,-24.82797348022461,0.9073972092604674
1_0,Y,23,-21.748490447998048,56,-4.853943,-4.853943,-21.748490447998048,0.901814665907038
1_0,Y,22,-22.51836120605469,47,-8.053736,-8.053736,-22.51836120605469,0.9002359438828269
1_0,Y,20,-24.02810775756836,51,-4.555361,-4.555361,-24.02810775756836,0.8993188378113693
1_0,Y,3,-37.745804901123044,14,-6.052111,-6.052111,-37.745804901123044,0.8975454548244552
1_0,Y,2,-38.575665588378904,11,-6.010462,-6.010462,-38.575665588378904,0.8956111542525759
1_0,Y,23,-21.748490447998048,57,-4.4839954,-4.4839954,-21.748490447998048,0.8926987927638957
1_0,Y,2,-38.575665588378904,2,-9.356859,-9.356859,-38.575665588378904,0.8905547696536438
1_0,Y,16,-27.09759246826172,35,-7.9532356,-7.9532356,-27.09759246826172,0.8879249901621671
1_0,Y,4,-37.06591903686523,8,-7.38071,-7.38071,-37.06591903686523,0.8862818972603959
1_0,Y,19,-24.82797348022461,43,-8.382523,-8.382523,-24.82797348022461,0.8851141549551454
1_0,Y,4,-37.06591903686523,12,-6.441319,-6.441319,-37.06591903686523,0.8844119019511173
1_0,Y,4,-37.06591903686523,10,-6.8110795,-6.8110795,-37.06591903686523,0.8838308994498993
1_0,Y,21,-23.25823699951172,52,-4.8131056,-4.8131056,-23.25823699951172,0.8805570244908142
1_0,Y,4,-37.06591903686523,13,-6.1615005,-6.1615005,-37.06591903686523,0.8803777927193652
1_0,Y,3,-37.745804901123044,3,-9.388899,-9.388899,-37.745804901123044,0.8793453546553783
1_0,Y,19,-24.82797348022461,46,-7.5025663,-7.5025663,-24.82797348022461,0.8777854741167788
1_0,Y,4,-37.06591903686523,7,-7.670522,-7.670522,-37.06591903686523,0.8775649652310799
1_0,Y,4,-37.06591903686523,3,-8.859751,-8.859751,-37.06591903686523,0.8769879506471805
1_0,Y,11,-30.93694793701172,41,-7.582615,-7.582615,-30.93694793701172,0.876750388498618
1_0,Y,4,-37.06591903686523,1,-9.489344,-9.489344,-37.06591903686523,0.8760517463688562
1_0,Y,18,-25.59784423828125,50,-7.3362017,-7.3362017,-25.59784423828125,0.8759883433199218
1_0,Y,2,-38.575665588378904,1,-9.806375,-9.806375,-38.575665588378904,0.8704150684251848
1_0,Y,20,-24.02810775756836,49,-5.1452217,-5.1452217,-24.02810775756836,0.8678000539044015
1_0,Y,22,-22.51836120605469,52,-6.143984,-6.143984,-22.51836120605469,0.8677922781954347
1_0,Y,23,-21.748490447998048,47,-7.3935738,-7.3935738,-21.748490447998048,0.8655376017121399
1_0,Y,23,-21.748490447998048,41,-9.483272,-9.483272,-21.748490447998048,0.8643454515925579
1_0,Y,16,-27.09759246826172,31,-9.502903,-9.502903,-27.09759246826172,0.8642330290823063
1_0,Y,2,-38.575665588378904,4,-8.787472,-8.787472,-38.575665588378904,0.8628792999219825
1_0,Y,19,-24.82797348022461,45,-7.7025566,-7.7025566,-24.82797348022461,0.8625224043044192
1_0,Y,4,-37.06591903686523,5,-8.479998,-8.479998,-37.06591903686523,0.8616562170188806
1_0,Y,21,-23.25823699951172,43,-7.832986,-7.832986,-23.25823699951172,0.8601757269624062
1_0,Y,18,-25.59784423828125,48,-7.736068,-7.736068,-25.59784423828125,0.8600314502086763
1_0,Y,17,-26.35771667480469,48,-5.933779,-5.933779,-26.35771667480469,0.8585496219187135
1_0,Y,23,-21.748490447998048,46,-7.6735344,-7.6735344,-21.748490447998048,0.8584527435762761
1_0,Y,4,-37.06591903686523,14,-5.441967,-5.441967,-37.06591903686523,0.8581358253208684
1_0,Y,22,-22.51836120605469,54,-5.5740576,-5.5740576,-22.51836120605469,0.8536265050591011
1_0,Y,22,-22.51836120605469,58,-4.404209,-4.404209,-22.51836120605469,0.8528421161489803
1_0,Y,17,-26.35771667480469,51,-4.673892,-4.673892,-26.35771667480469,0.8524204988621948
1_0,Y,18,-25.59784423828125,59,-5.286888,-5.286888,-25.59784423828125,0.8520711545479731
1_0,Y,16,-27.09759246826172,32,-9.172974,-9.172974,-27.09759246826172,0.8512950612801049
1_0,Y,18,-25.59784423828125,44,-9.355524,-9.355524,-25.59784423828125,0.850816007436771
1_0,Y,23,-21.748490447998048,51,-6.433714,-6.433714,-21.748490447998048,0.8507654151258386
1_0,Y,18,-25.59784423828125,47,-7.965991,-7.965991,-25.59784423828125,0.8498636182239546
1_0,Y,5,-35.58616744995117,48,-6.7244167,-6.7244167,-35.58616744995117,0.8491500067177359
1_0,Y,3,-37.745804901123044,1,-9.918388,-9.918388,-37.745804901123044,0.8473565807371951
1_0,Y,18,-25.59784423828125,46,-8.535799,-8.535799,-25.59784423828125,0.846928812316589
1_0,Y,19,-24.82797348022461,53,-4.922695,-4.922695,-24.82797348022461,0.8465663984652511
1_0,Y,21,-23.25823699951172,44,-7.22301,-7.22301,-23.25823699951172,0.8459978460971966
1_0,Y,17,-26.35771667480469,44,-8.063587,-8.063587,-26.35771667480469,0.8456615193063814
1_0,Y,5,-35.58616744995117,42,-8.793816,-8.793816,-35.58616744995117,0.8452751732647765
1_0,Y,23,-21.748490447998048,55,-5.2638836,-5.2638836,-21.748490447998048,0.84463947733797
1_0,Y,5,-35.58616744995117,45,-7.754118,-7.754118,-35.58616744995117,0.8437964629035901
1_0,Y,1,-39.345536346435544,1,-9.958986,-9.958986,-39.345536346435544,0.8425666609954526
1_0,Y,20,-24.02810775756836,50,-4.845293,-4.845293,-24.02810775756836,0.8423891811848426
1_0,Y,18,-25.59784423828125,60,-4.707082,-4.707082,-25.59784423828125,0.8419690946064251
1_0,Y,16,-27.09759246826172,43,-4.593958,-4.593958,-27.09759246826172,0.8412225311574296
1_0,Y,23,-21.748490447998048,40,-10.013195,-10.013195,-21.748490447998048,0.8403005686647568
1_0,Y,5,-35.58616744995117,49,-6.3245325,-6.3245325,-35.58616744995117,0.8394361863349393
1_0,Y,20,-24.02810775756836,48,-5.515135,-5.515135,-24.02810775756836,0.8393013771888401
1_0,Y,22,-22.51836120605469,43,-9.463552,-9.463552,-22.51836120605469,0.8374156211917271
1_0,Y,23,-21.748490447998048,50,-6.6736794,-6.6736794,-21.748490447998048,0.8352333304674705
1_0,Y,18,-25.59784423828125,49,-7.5761213,-7.5761213,-25.59784423828125,0.8339588153822325
1_0,Y,8,-33.24656021118164,48,-7.5247116,-7.5247116,-33.24656021118164,0.8312747071897071
1_0,Y,5,-35.58616744995117,47,-6.994338,-6.994338,-35.58616744995117,0.8312260096355324
1_0,Y,19,-24.82797348022461,35,-11.272377,-11.272377,-24.82797348022461,0.8290130613522693
1_0,Y,16,-27.09759246826172,40,-5.963663,-5.963663,-27.09759246826172,0.8290079539753231
1_0,Y,22,-22.51836120605469,53,-5.784031,-5.784031,-22.51836120605469,0.8289898410803729
1_0,Y,2,-38.575665588378904,16,-4.3922043,-4.3922043,-38.575665588378904,0.8279115486751643
1_0,Y,4,-37.06591903686523,2,-9.159557,-9.159557,-37.06591903686523,0.8259977215741672
1_0,Y,16,-27.09759246826172,36,-7.643303,-7.643303,-27.09759246826172,0.8256326690299939
1_0,Y,15,-27.887459869384767,44,-7.452838,-7.452838,-27.887459869384767,0.8254056064462612
1_0,Y,21,-23.25823699951172,51,-5.263088,-5.263088,-23.25823699951172,0.824994809345238
1_0,Y,19,-24.82797348022461,51,-5.8526487,-5.8526487,-24.82797348022461,0.8248746193070957
1_0,Y,18,-25.59784423828125,43,-9.895344,-9.895344,-25.59784423828125,0.8233897077121104
1_0,Y,15,-27.887459869384767,46,-6.6628847,-6.6628847,-27.887459869384767,0.8232547374384076
1_0,Y,16,-27.09759246826172,34,-8.523113,-8.523113,-27.09759246826172,0.8227250701860473
1_0,Y,23,-21.748490447998048,52,-6.1937485,-6.1937485,-21.748490447998048,0.8218708963995158
1_0,Y,3,-37.745804901123044,12,-6.7414474,-6.7414474,-37.745804901123044,0.8197384422994825
1_0,Y,20,-24.02810775756836,40,-8.314478,-8.314478,-24.02810775756836,0.8194363409707885
1_0,Y,15,-27.887459869384767,41,-8.342785,-8.342785,-27.887459869384767,0.819127925366144
1_0,Y,17,-26.35771667480469,43,-8.323563,-8.323563,-26.35771667480469,0.8177942382842753
1_0,Y,15,-27.887459869384767,45,-6.852874,-6.852874,-27.887459869384767,0.8175226311657757
1_0,Y,19,-24.82797348022461,38,-9.972443,-9.972443,-24.82797348022461,0.8163161302837297
1_0,Y,20,-24.02810775756836,45,-6.824827,-6.824827,-24.02810775756836,0.8159658197441534
1_0,Y,19,-24.82797348022461,39,-9.462468,-9.462468,-24.82797348022461,0.8158884417287198
1_0,Y,5,-35.58616744995117,52,-5.394803,-5.394803,-35.58616744995117,0.8144140373408192
1_0,Y,16,-27.09759246826172,33,-8.86304,-8.86304,-27.09759246826172,0.8141193326442209
1_0,Y,19,-24.82797348022461,47,-6.9425945,-6.9425945,-24.82797348022461,0.8134421131308625
1_0,Y,17,-26.35771667480469,37,-10.953326,-10.953326,-26.35771667480469,0.8128903902824111
1_0,Y,20,-24.02810775756836,46,-6.144987,-6.144987,-24.02810775756836,0.8128624631025239
1_0,Y,12,-30.16707717895508,52,-5.53831,-5.53831,-30.16707717895508,0.8124638751002355
1_0,Y,20,-24.02810775756836,41,-7.8545856,-7.8545856,-24.02810775756836,0.8106704189388657
1_0,Y,17,-26.35771667480469,50,-5.243841,-5.243841,-26.35771667480469,0.8099810811651126
1_0,Y,12,-30.16707717895508,51,-5.8881664,-5.8881664,-30.16707717895508,0.8087685208568051
1_0,Y,20,-24.02810775756836,28,-12.38352,-12.38352,-24.02810775756836,0.8085823877209555
1_0,Y,15,-27.887459869384767,42,-7.9628067,-7.9628067,-27.887459869384767,0.8080141142167747
1_0,Y,12,-30.16707717895508,53,-5.1884537,-5.1884537,-30.16707717895508,0.807745045560058
1_0,Y,19,-24.82797348022461,37,-10.7624035,-10.7624035,-24.82797348022461,0.806444853524352
1_0,Y,19,-24.82797348022461,49,-6.2926264,-6.2926264,-24.82797348022461,0.8063359604154516
1_0,Y,17,-26.35771667480469,36,-11.143309,-11.143309,-26.35771667480469,0.8060318630139062
1_0,Y,21,-23.25823699951172,53,-4.403123,-4.403123,-23.25823699951172,0.8054483276311044
1_0,Y,19,-24.82797348022461,36,-10.922396,-10.922396,-24.82797348022461,0.8049604791934598
1_0,Y,19,-24.82797348022461,44,-7.9625435,-7.9625435,-24.82797348022461,0.8046842376114492
1_0,Y,20,-24.02810775756836,47,-5.8750505,-5.8750505,-24.02810775756836,0.804651899870301
1_0,Y,22,-22.51836120605469,45,-8.763643,-8.763643,-22.51836120605469,0.8044107335564241
1_0,Y,19,-24.82797348022461,40,-9.302477,-9.302477,-24.82797348022461,0.8043143007233838
1_0,Y,18,-25.59784423828125,51,-6.9863186,-6.9863186,-25.59784423828125,0.8030861824394244
1_0,Y,20,-24.02810775756836,43,-7.304714,-7.304714,-24.02810775756836,0.802398932545716
1_0,Y,22,-22.51836120605469,51,-6.4339457,-6.4339457,-22.51836120605469,0.8018039017807447
1_0,Y,17,-26.35771667480469,46,-6.6937103,-6.6937103,-26.35771667480469,0.8013192139088468
1_0,Y,4,-37.06591903686523,4,-8.659881,-8.659881,-37.06591903686523,0.800387421630784
1_0,Y,10,-31.716817016601563,49,-4.5740814,-4.5740814,-31.716817016601563,0.7996241831100434
1_0,Y,20,-24.02810775756836,44,-6.98479,-6.98479,-24.02810775756836,0.7995185384872902
1_0,Y,5,-35.58616744995117,55,-4.375098,-4.375098,-35.58616744995117,0.7992831342042159
1_0,Y,19,-24.82797348022461,48,-6.6026115,-6.6026115,-24.82797348022461,0.7988846426820291
1_0,Y,15,-27.887459869384767,43,-7.74282,-7.74282,-27.887459869384767,0.7988498683441456
1_0,Y,18,-25.59784423828125,56,-5.976657,-5.976657,-25.59784423828125,0.7982542442769153
1_0,Y,5,-35.58616744995117,46,-7.434211,-7.434211,-35.58616744995117,0.798045241377808
1_0,Y,16,-27.09759246826172,38,-6.63352,-6.63352,-27.09759246826172,0.797909297414989
1_0,Y,6,-34.806298370361326,55,-4.722924,-4.722924,-34.806298370361326,0.7972630991671292
1_0,Y,9,-32.45669281005859,46,-7.253085,-7.253085,-32.45669281005859,0.7960747835278501
1_0,Y,10,-31.716817016601563,47,-5.48394,-5.48394,-31.716817016601563,0.795715141868577
1_0,Y,17,-26.35771667480469,35,-11.503277,-11.503277,-26.35771667480469,0.7943024777668724
1_0,Y,23,-21.748490447998048,49,-6.8636513,-6.8636513,-21.748490447998048,0.7940713621206952
1_0,Y,5,-35.58616744995117,51,-5.6947155,-5.6947155,-35.58616744995117,0.7939210561253085
1_0,Y,18,-25.59784423828125,38,-11.714734,-11.714734,-25.59784423828125,0.7935595430915976
1_0,Y,18,-25.59784423828125,58,-5.6167774,-5.6167774,-25.59784423828125,0.7928973799513546
1_0,Y,5,-35.58616744995117,43,-8.553886,-8.553886,-35.58616744995117,0.7928135405893675
1_0,Y,23,-21.748490447998048,45,-8.243451,-8.243451,-21.748490447998048,0.7918481665874989
1_0,Y,9,-32.45669281005859,50,-5.9936523,-5.9936523,-32.45669281005859,0.7913454723669515
1_0,Y,19,-24.82797348022461,41,-8.942493,-8.942493,-24.82797348022461,0.7912905532467742
1_0,Y,23,-21.748490447998048,53,-5.8038044,-5.8038044,-21.748490447998048,0.7909110142798862
1_0,Y,23,-21.748490447998048,43,-8.833365,-8.833365,-21.748490447998048,0.7903562485140581
1_0,Y,20,-24.02810775756836,29,-12.123582,-12.123582,-24.02810775756836,0.7892595760316312
1_0,Y,17,-26.35771667480469,40,-9.393467,-9.393467,-26.35771667480469,0.7883079013799604
1_0,Y,5,-35.58616744995117,41,-9.273678,-9.273678,-35.58616744995117,0.7882431860339486
1_0,Y,22,-22.51836120605469,40,-10.653398,-10.653398,-22.51836120605469,0.7878248477323131
1_0,Y,19,-24.82797348022461,33,-11.752354,-11.752354,-24.82797348022461,0.7874376436143775
1_0,Y,5,-35.58616744995117,54,-4.685008,-4.685008,-35.58616744995117,0.7864816042651351
1_0,Y,18,-25.59784423828125,36,-12.484476,-12.484476,-25.59784423828125,0.7854400409022803
1_0,Y,18,-25.59784423828125,57,-5.806714,-5.806714,-25.59784423828125,0.7843923081783615
1_0,Y,17,-26.35771667480469,34,-11.863245,-11.863245,-26.35771667480469,0.7840598491510749
1_0,Y,16,-27.09759246826172,39,-6.4135666,-6.4135666,-27.09759246826172,0.7832462166451014
1_0,Y,4,-37.06591903686523,6,-7.8404117,-7.8404117,-37.06591903686523,0.7828032762285405
1_0,Y,4,-37.06591903686523,15,-5.132168,-5.132168,-37.06591903686523,0.7826204191916897
1_0,Y,18,-25.59784423828125,61,-4.517146,-4.517146,-25.59784423828125,0.7824416773028756
1_0,Y,5,-35.58616744995117,44,-8.243976,-8.243976,-35.58616744995117,0.7824390591354906
1_0,Y,20,-24.02810775756836,42,-7.604645,-7.604645,-24.02810775756836,0.7822370613120971
1_0,Y,16,-27.09759246826172,42,-4.973877,-4.973877,-27.09759246826172,0.7815972241917062
1_0,Y,18,-25.59784423828125,32,-13.894004,-13.894004,-25.59784423828125,0.7812541753537279
1_0,Y,17,-26.35771667480469,42,-8.6035385,-8.6035385,-26.35771667480469,0.7808696631936188
1_0,Y,19,-24.82797348022461,50,-6.0326395,-6.0326395,-24.82797348022461,0.7796918509191025
1_0,Y,18,-25.59784423828125,54,-6.256563,-6.256563,-25.59784423828125,0.779208973451941
1_0,Y,7,-34.036427612304685,44,-7.775029,-7.775029,-34.036427612304685,0.7790929530095956
1_0,Y,6,-34.806298370361326,47,-7.6622477,-7.6622477,-34.806298370361326,0.77898549337944
1_0,Y,9,-32.45669281005859,45,-7.5929317,-7.5929317,-32.45669281005859,0.7789329435038331
1_0,Y,19,-24.82797348022461,34,-11.502366,-11.502366,-24.82797348022461,0.7785032744459509
1_0,Y,22,-22.51836120605469,44,-9.053605,-9.053605,-22.51836120605469,0.7772673599419766
1_0,Y,23,-21.748490447998048,44,-8.423425,-8.423425,-21.748490447998048,0.7772440893508592
1_0,Y,22,-22.51836120605469,55,-5.2141037,-5.2141037,-22.51836120605469,0.7771657977570896
1_0,Y,20,-24.02810775756836,33,-10.483967,-10.483967,-24.02810775756836,0.7770986618255485
1_0,Y,6,-34.806298370361326,52,-5.972637,-5.972637,-34.806298370361326,0.7768080595032514
1_0,Y,7,-34.036427612304685,28,-13.403423,-13.403423,-34.036427612304685,0.7764912331621856
1_0,Y,23,-21.748490447998048,54,-5.443857,-5.443857,-21.748490447998048,0.7764513448891927
1_0,Y,7,-34.036427612304685,25,-14.68306,-14.68306,-34.036427612304685,0.7764185844900421
1_0,Y,5,-35.58616744995117,22,-16.101696,-16.101696,-35.58616744995117,0.7763086703355555
1_0,Y,21,-23.25823699951172,47,-6.483039,-6.483039,-23.25823699951172,0.7763052769749809
1_0,Y,10,-31.716817016601563,44,-6.8637276,-6.8637276,-31.716817016601563,0.7760329583011973
1_0,Y,20,-24.02810775756836,34,-10.284014,-10.284014,-24.02810775756836,0.7759987901902211
1_0,Y,9,-32.45669281005859,41,-8.932329,-8.932329,-32.45669281005859,0.7758362621248125
1_0,Y,16,-27.09759246826172,41,-5.5937433,-5.5937433,-27.09759246826172,0.7755904800251813
1_0,Y,19,-24.82797348022461,32,-12.482317,-12.482317,-24.82797348022461,0.7754391445930575
1_0,Y,9,-32.45669281005859,49,-6.423458,-6.423458,-32.45669281005859,0.7751814792897417
1_0,Y,15,-27.887459869384767,48,-6.192913,-6.192913,-27.887459869384767,0.7750519459029015
1_0,Y,17,-26.35771667480469,45,-7.213663,-7.213663,-26.35771667480469,0.7746785851213271
1_0,Y,20,-24.02810775756836,39,-8.624405,-8.624405,-24.02810775756836,0.7744623112127449
1_0,Y,18,-25.59784423828125,52,-6.6564283,-6.6564283,-25.59784423828125,0.7738844959383646
1_0,Y,10,-31.716817016601563,46,-6.0438538,-6.0438538,-31.716817016601563,0.7733520966866054
1_0,Y,21,-23.25823699951172,48,-6.0130587,-6.0130587,-23.25823699951172,0.773192812071959
1_0,Y,13,-29.40720474243164,44,-8.657564,-8.657564,-29.40720474243164,0.7731734116604684
1_0,Y,9,-32.45669281005859,55,-4.504322,-4.504322,-32.45669281005859,0.7728636959668949
1_0,Y,17,-26.35771667480469,41,-9.053497,-9.053497,-26.35771667480469,0.7728317027714856
1_0,Y,22,-22.51836120605469,56,-4.894146,-4.894146,-22.51836120605469,0.7718626631276564
1_0,Y,15,-27.887459869384767,51,-5.2829676,-5.2829676,-27.887459869384767,0.7717997616197549
1_0,Y,18,-25.59784423828125,45,-8.715739,-8.715739,-25.59784423828125,0.76937623211167
1_0,Y,18,-25.59784423828125,37,-12.194573,-12.194573,-25.59784423828125,0.7692433247998633
1_0,Y,17,-26.35771667480469,27,-15.422924,-15.422924,-26.35771667480469,0.7684870479436829
1_0,Y,22,-22.51836120605469,57,-4.664175,-4.664175,-22.51836120605469,0.7683577133716154
1_0,Y,15,-27.887459869384767,36,-9.992685,-9.992685,-27.887459869384767,0.767998317002861
1_0,Y,21,-23.25823699951172,45,-6.913022,-6.913022,-23.25823699951172,0.767196565258795
1_0,Y,21,-23.25823699951172,38,-9.492919,-9.492919,-23.25823699951172,0.7664615671776378
1_0,Y,17,-26.35771667480469,32,-12.723167,-12.723167,-26.35771667480469,0.7661535539105759
1_0,Y,22,-22.51836120605469,46,-8.513676,-8.513676,-22.51836120605469,0.7659970954505975
1_0,Y,9,-32.45669281005859,47,-7.0031977,-7.0031977,-32.45669281005859,0.7656645192663434
1_0,Y,7,-34.036427612304685,50,-4.6959066,-4.6959066,-34.036427612304685,0.7652950253150963
1_0,Y,23,-21.748490447998048,31,-13.512688,-13.512688,-21.748490447998048,0.7647965561306039
1_0,Y,5,-35.58616744995117,25,-14.922039,-14.922039,-35.58616744995117,0.7644771783520381
1_0,Y,21,-23.25823699951172,46,-6.71303,-6.71303,-23.25823699951172,0.7643860030878535
1_0,Y,17,-26.35771667480469,49,-5.653804,-5.653804,-26.35771667480469,0.7641160833286774
1_0,Y,17,-26.35771667480469,39,-9.843426,-9.843426,-26.35771667480469,0.7635440044706852
1_0,Y,18,-25.59784423828125,41,-10.725065,-10.725065,-25.59784423828125,0.7626908759521687
1_0,Y,10,-31.716817016601563,42,-7.953558,-7.953558,-31.716817016601563,0.7620781439502265
1_0,Y,10,-31.716817016601563,39,-8.90341,-8.90341,-31.716817016601563,0.7618943439536094
1_0,Y,5,-35.58616744995117,53,-4.9849215,-4.9849215,-35.58616744995117,0.7606831116337297
1_0,Y,23,-21.748490447998048,39,-10.533119,-10.533119,-21.748490447998048,0.7604278693670989
1_0,Y,18,-25.59784423828125,42,-10.20524,-10.20524,-25.59784423828125,0.7604190870431156
1_0,Y,13,-29.40720474243164,47,-7.537631,-7.537631,-29.40720474243164,0.760116489572424
1_0,Y,13,-29.40720474243164,52,-5.6677427,-5.6677427,-29.40720474243164,0.7598829082607653
1_0,Y,13,-29.40720474243164,42,-9.657503,-9.657503,-29.40720474243164,0.7598208601195613
1_0,Y,8,-33.24656021118164,54,-5.7351055,-5.7351055,-33.24656021118164,0.7594926181895577
1_0,Y,20,-24.02810775756836,38,-8.944329,-8.944329,-24.02810775756836,0.7588545948917383
1_0,Y,23,-21.748490447998048,42,-9.073331,-9.073331,-21.748490447998048,0.7587408497839578
1_0,Y,6,-34.806298370361326,45,-8.382082,-8.382082,-34.806298370361326,0.758182378432767
1_0,Y,14,-28.66732894897461,24,-16.182583,-16.182583,-28.66732894897461,0.7576410127884035
1_0,Y,6,-34.806298370361326,4,-23.128689,-23.128689,-34.806298370361326,0.7575903492439826
1_0,Y,19,-24.82797348022461,30,-13.602261,-13.602261,-24.82797348022461,0.7566634505559783
1_0,Y,22,-22.51836120605469,41,-10.323441,-10.323441,-22.51836120605469,0.7565962024050474
1_0,Y,10,-31.716817016601563,48,-5.1139984,-5.1139984,-31.716817016601563,0.7563902568535249
1_0,Y,12,-30.16707717895508,47,-7.567477,-7.567477,-30.16707717895508,0.7556499872194948
1_0,Y,21,-23.25823699951172,41,-8.48296,-8.48296,-23.25823699951172,0.7554460770811076
1_0,Y,6,-34.806298370361326,23,-15.7003975,-15.7003975,-34.806298370361326,0.7552249320149858
1_0,Y,9,-32.45669281005859,43,-8.322603,-8.322603,-32.45669281005859,0.755030242121859
1_0,Y,9,-32.45669281005859,33,-11.381226,-11.381226,-32.45669281005859,0.7550125316821807
1_0,Y,21,-23.25823699951172,39,-9.122934,-9.122934,-23.25823699951172,0.754498481761107
1_0,Y,7,-34.036427612304685,41,-8.734755,-8.734755,-34.036427612304685,0.754297134318044
1_0,Y,22,-22.51836120605469,42,-9.793509,-9.793509,-22.51836120605469,0.7540477201123974
1_0,Y,10,-31.716817016601563,40,-8.483476,-8.483476,-31.716817016601563,0.7535950337994137
1_0,Y,17,-26.35771667480469,25,-16.01287,-16.01287,-26.35771667480469,0.7533197978902756
1_0,Y,15,-27.887459869384767,34,-10.90263,-10.90263,-27.887459869384767,0.7532067298394083
1_0,Y,7,-34.036427612304685,29,-13.043527,-13.043527,-34.036427612304685,0.7529259107781547
1_0,Y,10,-31.716817016601563,41,-8.313501,-8.313501,-31.716817016601563,0.7522754865035789
1_0,Y,6,-34.806298370361326,5,-22.73878,-22.73878,-34.806298370361326,0.7519271589996582
1_0,Y,13,-29.40720474243164,55,-4.3878193,-4.3878193,-29.40720474243164,0.7512993324233209
1_0,Y,18,-25.59784423828125,53,-6.4564962,-6.4564962,-25.59784423828125,0.7512896083907694
1_0,Y,6,-34.806298370361326,49,-7.0623856,-7.0623856,-34.806298370361326,0.7508589715731513
1_0,Y,13,-29.40720474243164,46,-8.027601,-8.027601,-29.40720474243164,0.750776194547136
1_0,Y,17,-26.35771667480469,47,-6.393737,-6.393737,-26.35771667480469,0.7502693614186999
1_0,Y,16,-27.09759246826172,37,-7.0434313,-7.0434313,-27.09759246826172,0.7497521808340126
1_0,Y,9,-32.45669281005859,54,-4.7342186,-4.7342186,-32.45669281005859,0.7497167964416681
1_0,Y,21,-23.25823699951172,31,-12.342805,-12.342805,-23.25823699951172,0.74911813175613
1_0,Y,17,-26.35771667480469,31,-13.553092,-13.553092,-26.35771667480469,0.749042586128708
1_0,Y,12,-30.16707717895508,43,-9.156826,-9.156826,-30.16707717895508,0.7489726946710872
1_0,Y,22,-22.51836120605469,32,-13.742996,-13.742996,-22.51836120605469,0.7482751334351243
1_0,Y,15,-27.887459869384767,31,-11.752579,-11.752579,-27.887459869384767,0.7479153183827667
1_0,Y,12,-30.16707717895508,44,-8.846952,-8.846952,-30.16707717895508,0.7478185074648567
1_0,Y,11,-30.93694793701172,42,-6.702751,-6.702751,-30.93694793701172,0.7466089155405367
1_0,Y,21,-23.25823699951172,32,-12.052816,-12.052816,-23.25823699951172,0.7466064608819555
1_0,Y,9,-32.45669281005859,35,-10.491627,-10.491627,-32.45669281005859,0.7465043194083505
1_0,Y,11,-30.93694793701172,40,-7.8525715,-7.8525715,-30.93694793701172,0.7461244766059295
1_0,Y,6,-34.806298370361326,42,-9.371855,-9.371855,-34.806298370361326,0.7459505992936485
1_0,Y,8,-33.24656021118164,49,-7.0548153,-7.0548153,-33.24656021118164,0.745902583274041
1_0,Y,11,-30.93694793701172,46,-5.1629887,-5.1629887,-30.93694793701172,0.7451067836239995
1_0,Y,13,-29.40720474243164,51,-5.967725,-5.967725,-29.40720474243164,0.7450931119506693
1_0,Y,16,-27.09759246826172,29,-10.77263,-10.77263,-27.09759246826172,0.7450196454978593
1_0,Y,11,-30.93694793701172,39,-8.342496,-8.342496,-30.93694793701172,0.7443981803573201
1_0,Y,22,-22.51836120605469,31,-14.302923,-14.302923,-22.51836120605469,0.744168896198049
1_0,Y,20,-24.02810775756836,37,-9.184273,-9.184273,-24.02810775756836,0.7440700949125697
1_0,Y,15,-27.887459869384767,39,-9.012743,-9.012743,-27.887459869384767,0.7440196858306714
1_0,Y,16,-27.09759246826172,27,-12.102344,-12.102344,-27.09759246826172,0.743883533866677
1_0,Y,15,-27.887459869384767,52,-5.0229836,-5.0229836,-27.887459869384767,0.7434914645926405
1_0,Y,7,-34.036427612304685,43,-8.144923,-8.144923,-34.036427612304685,0.7433852815057432
1_0,Y,10,-31.716817016601563,43,-7.093691,-7.093691,-31.716817016601563,0.7433286876496769
1_0,Y,8,-33.24656021118164,55,-5.4751625,-5.4751625,-33.24656021118164,0.7433099515431518
1_0,Y,20,-24.02810775756836,35,-9.924099,-9.924099,-24.02810775756836,0.7431769738126619
1_0,Y,9,-32.45669281005859,28,-13.370331,-13.370331,-32.45669281005859,0.7430048262733113
1_0,Y,5,-35.58616744995117,50,-5.9346457,-5.9346457,-35.58616744995117,0.7429898272226493
1_0,Y,7,-34.036427612304685,42,-8.354864,-8.354864,-34.036427612304685,0.742798145622781
1_0,Y,15,-27.887459869384767,49,-5.822935,-5.822935,-27.887459869384767,0.7426879580744745
1_0,Y,17,-26.35771667480469,11,-21.392385,-21.392385,-26.35771667480469,0.7418442013146382
1_0,Y,23,-21.748490447998048,34,-12.25287,-12.25287,-21.748490447998048,0.7415405190743283
1_0,Y,6,-34.806298370361326,54,-5.0728436,-5.0728436,-34.806298370361326,0.7409711428897459
1_0,Y,15,-27.887459869384767,40,-8.652765,-8.652765,-27.887459869384767,0.7408681585538266
1_0,Y,17,-26.35771667480469,21,-17.602728,-17.602728,-26.35771667480469,0.7407284784367265
1_0,Y,13,-29.40720474243164,45,-8.337584,-8.337584,-29.40720474243164,0.7397085381013346
1_0,Y,20,-24.02810775756836,27,-12.9033985,-12.9033985,-24.02810775756836,0.7396920969068601
1_0,Y,22,-22.51836120605469,36,-12.02322,-12.02322,-22.51836120605469,0.7391643697279787
1_0,Y,14,-28.66732894897461,49,-6.0870285,-6.0870285,-28.66732894897461,0.7388545092924488
1_0,Y,22,-22.51836120605469,39,-11.24332,-11.24332,-22.51836120605469,0.7380437528167643
1_0,Y,18,-25.59784423828125,39,-11.184912,-11.184912,-25.59784423828125,0.7379804693057018
1_0,Y,15,-27.887459869384767,14,-18.91215,-18.91215,-27.887459869384767,0.7379023423997756
1_0,Y,15,-27.887459869384767,50,-5.592949,-5.592949,-27.887459869384767,0.7375309954206912
1_0,Y,7,-34.036427612304685,32,-12.213763,-12.213763,-34.036427612304685,0.7374648817172722
1_0,Y,15,-27.887459869384767,33,-11.092619,-11.092619,-27.887459869384767,0.7371146084829114
1_0,Y,19,-24.82797348022461,25,-15.792151,-15.792151,-24.82797348022461,0.7369338338067078
1_0,Y,17,-26.35771667480469,28,-14.732986,-14.732986,-26.35771667480469,0.7369085677167084
1_0,Y,23,-21.748490447998048,36,-11.412992,-11.412992,-21.748490447998048,0.7366644263684862
1_0,Y,21,-23.25823699951172,37,-10.48288,-10.48288,-23.25823699951172,0.7365077204241395
1_0,Y,23,-21.748490447998048,32,-13.272722,-13.272722,-21.748490447998048,0.7359307028510522
1_0,Y,16,-27.09759246826172,18,-15.301656,-15.301656,-27.09759246826172,0.7357950575483484
1_0,Y,13,-29.40720474243164,53,-5.2577677,-5.2577677,-29.40720474243164,0.7356149465038055
1_0,Y,17,-26.35771667480469,29,-14.413015,-14.413015,-26.35771667480469,0.7351448524591054
1_0,Y,22,-22.51836120605469,35,-12.243191,-12.243191,-22.51836120605469,0.7348896526950621
1_0,Y,19,-24.82797348022461,26,-15.502167,-15.502167,-24.82797348022461,0.734591993236611
1_0,Y,10,-31.716817016601563,34,-10.933096,-10.933096,-31.716817016601563,0.7345403028800704
1_0,Y,5,-35.58616744995117,38,-10.47333,-10.47333,-35.58616744995117,0.734315299044425
1_0,Y,6,-34.806298370361326,48,-7.4622936,-7.4622936,-34.806298370361326,0.7341116326459199
1_0,Y,15,-27.887459869384767,24,-14.792397,-14.792397,-27.887459869384767,0.7338832433463004
1_0,Y,17,-26.35771667480469,26,-15.642904,-15.642904,-26.35771667480469,0.733742550555389
1_0,Y,21,-23.25823699951172,49,-5.7330694,-5.7330694,-23.25823699951172,0.7336721368847261
1_0,Y,18,-25.59784423828125,21,-17.732716,-17.732716,-25.59784423828125,0.733589035362069
1_0,Y,16,-27.09759246826172,24,-13.412062,-13.412062,-27.09759246826172,0.7333156082255607
1_0,Y,7,-34.036427612304685,20,-16.2926,-16.2926,-34.036427612304685,0.733268446854448
1_0,Y,6,-34.806298370361326,51,-6.4325314,-6.4325314,-34.806298370361326,0.733202221359891
1_0,Y,20,-24.02810775756836,26,-13.273312,-13.273312,-24.02810775756836,0.7326871205176635
1_0,Y,15,-27.887459869384767,38,-9.342724,-9.342724,-27.887459869384767,0.7323043999053056
1_0,Y,21,-23.25823699951172,42,-8.062976,-8.062976,-23.25823699951172,0.7318551180564556
1_0,Y,19,-24.82797348022461,8,-21.921844,-21.921844,-24.82797348022461,0.7317664185396641
1_0,Y,9,-32.45669281005859,40,-9.102253,-9.102253,-32.45669281005859,0.7316130140266488
1_0,Y,18,-25.59784423828125,30,-15.253548,-15.253548,-25.59784423828125,0.7313902860932239
1_0,Y,14,-28.66732894897461,45,-7.396452,-7.396452,-28.66732894897461,0.7310396752919814
1_0,Y,18,-25.59784423828125,33,-13.554117,-13.554117,-25.59784423828125,0.7309271045005747
1_0,Y,8,-33.24656021118164,51,-6.734885,-6.734885,-33.24656021118164,0.7304240184025376
1_0,Y,7,-34.036427612304685,35,-11.423988,-11.423988,-34.036427612304685,0.7301590110146248
1_0,Y,8,-33.24656021118164,45,-8.39452,-8.39452,-33.24656021118164,0.7299247378320141
1_0,Y,23,-21.748490447998048,35,-11.882923,-11.882923,-21.748490447998048,0.7295873410328478
1_0,Y,22,-22.51836120605469,37,-11.763253,-11.763253,-22.51836120605469,0.7291973861586468
1_0,Y,15,-27.887459869384767,30,-12.012564,-12.012564,-27.887459869384767,0.7288426850139162
1_0,Y,7,-34.036427612304685,49,-5.9555473,-5.9555473,-34.036427612304685,0.7285097570229055
1_0,Y,5,-35.58616744995117,17,-17.831194,-17.831194,-35.58616744995117,0.7282196488237663
1_0,Y,7,-34.036427612304685,40,-9.044666,-9.044666,-34.036427612304685,0.727304375720489
1_0,Y,17,-26.35771667480469,12,-21.00242,-21.00242,-26.35771667480469,0.7272168713325924
1_0,Y,8,-33.24656021118164,53,-6.155012,-6.155012,-33.24656021118164,0.7271928304375112
1_0,Y,17,-26.35771667480469,38,-10.663353,-10.663353,-26.35771667480469,0.7270475862447277
1_0,Y,17,-26.35771667480469,30,-13.863064,-13.863064,-26.35771667480469,0.7254939059629126
1_0,Y,5,-35.58616744995117,20,-16.861477,-16.861477,-35.58616744995117,0.7249881864191114
1_0,Y,22,-22.51836120605469,27,-15.8627205,-15.8627205,-22.51836120605469,0.7248488038225475
1_0,Y,8,-33.24656021118164,28,-14.003286,-14.003286,-33.24656021118164,0.7242475035625067
1_0,Y,15,-27.887459869384767,29,-12.432539,-12.432539,-27.887459869384767,0.7237468089865515
1_0,Y,17,-26.35771667480469,16,-19.842525,-19.842525,-26.35771667480469,0.7231303840493855
1_0,Y,6,-34.806298370361326,30,-13.490907,-13.490907,-34.806298370361326,0.7230872752489582
1_0,Y,21,-23.25823699951172,36,-10.642873,-10.642873,-23.25823699951172,0.7230127416914947
1_0,Y,6,-34.806298370361326,43,-8.841976,-8.841976,-34.806298370361326,0.7229178792010481
1_0,Y,13,-29.40720474243164,43,-9.22753,-9.22753,-29.40720474243164,0.7226336490951943
1_0,Y,13,-29.40720474243164,54,-4.9577856,-4.9577856,-29.40720474243164,0.7224591698215506
1_0,Y,14,-28.66732894897461,48,-6.4168835,-6.4168835,-28.66732894897461,0.7221396638091327
1_0,Y,15,-27.887459869384767,26,-14.152435,-14.152435,-27.887459869384767,0.7220021153464199
1_0,Y,16,-27.09759246826172,26,-12.562244,-12.562244,-27.09759246826172,0.7213412018790377
1_0,Y,5,-35.58616744995117,19,-17.26136,-17.26136,-35.58616744995117,0.7213165168571605
1_0,Y,7,-34.036427612304685,46,-6.7553196,-6.7553196,-34.036427612304685,0.7208949225576129
1_0,Y,11,-30.93694793701172,45,-5.5129356,-5.5129356,-30.93694793701172,0.7207410679400952
1_0,Y,10,-31.716817016601563,31,-12.202899,-12.202899,-31.716817016601563,0.7207202927010388
1_0,Y,16,-27.09759246826172,28,-11.462481,-11.462481,-27.09759246826172,0.7207109451990296
1_0,Y,20,-24.02810775756836,36,-9.534191,-9.534191,-24.02810775756836,0.7205652075564943
1_0,Y,15,-27.887459869384767,28,-12.642527,-12.642527,-27.887459869384767,0.7205013314448023
1_0,Y,11,-30.93694793701172,43,-6.542776,-6.542776,-30.93694793701172,0.7196580612351794
1_0,Y,12,-30.16707717895508,45,-8.377146,-8.377146,-30.16707717895508,0.7194753905077192
1_0,Y,18,-25.59784423828125,27,-16.26321,-16.26321,-25.59784423828125,0.7193654386380761
1_0,Y,9,-32.45669281005859,52,-5.1640253,-5.1640253,-32.45669281005859,0.719152984341562
1_0,Y,9,-32.45669281005859,34,-10.771502,-10.771502,-32.45669281005859,0.7190311747063807
1_0,Y,19,-24.82797348022461,27,-14.822201,-14.822201,-24.82797348022461,0.7188665630312945
1_0,Y,9,-32.45669281005859,32,-11.651104,-11.651104,-32.45669281005859,0.718841610960442
1_0,Y,18,-25.59784423828125,35,-12.894339,-12.894339,-25.59784423828125,0.7185479379374083
1_0,Y,22,-22.51836120605469,38,-11.453293,-11.453293,-22.51836120605469,0.7184434465554028
1_0,Y,8,-33.24656021118164,43,-8.724447,-8.724447,-33.24656021118164,0.718251050894946
1_0,Y,13,-29.40720474243164,49,-6.5576897,-6.5576897,-29.40720474243164,0.7174644543561176
1_0,Y,18,-25.59784423828125,22,-17.532784,-17.532784,-25.59784423828125,0.71643302909153
1_0,Y,13,-29.40720474243164,48,-7.2476482,-7.2476482,-29.40720474243164,0.7159983169720024
1_0,Y,10,-31.716817016601563,35,-10.543156,-10.543156,-31.716817016601563,0.7157660076669914
1_0,Y,17,-26.35771667480469,18,-18.932608,-18.932608,-26.35771667480469,0.7152568383998887
1_0,Y,9,-32.45669281005859,44,-7.972761,-7.972761,-32.45669281005859,0.7151721069460422
1_0,Y,12,-30.16707717895508,39,-10.126429,-10.126429,-30.16707717895508,0.7149305452657911
1_0,Y,7,-34.036427612304685,47,-6.5653734,-6.5653734,-34.036427612304685,0.7148545571152879
1_0,Y,9,-32.45669281005859,29,-12.980507,-12.980507,-32.45669281005859,0.7146127993945285
1_0,Y,12,-30.16707717895508,50,-6.218032,-6.218032,-30.16707717895508,0.714385395140693
1_0,Y,16,-27.09759246826172,30,-10.232746,-10.232746,-27.09759246826172,0.7142516631789139
1_0,Y,19,-24.82797348022461,31,-12.932295,-12.932295,-24.82797348022461,0.7139908310986813
1_0,Y,23,-21.748490447998048,38,-10.763086,-10.763086,-21.748490447998048,0.7138892122083161
1_0,Y,11,-30.93694793701172,15,-17.691048,-17.691048,-30.93694793701172,0.7137997112281295
1_0,Y,17,-26.35771667480469,22,-16.932787,-16.932787,-26.35771667480469,0.7137140701848268
1_0,Y,23,-21.748490447998048,33,-12.882778,-12.882778,-21.748490447998048,0.7135566698036374
1_0,Y,9,-32.45669281005859,51,-5.443899,-5.443899,-32.45669281005859,0.7134741634214574
1_0,Y,14,-28.66732894897461,53,-4.977517,-4.977517,-28.66732894897461,0.713400673516604
1_0,Y,18,-25.59784423828125,6,-22.771029,-22.771029,-25.59784423828125,0.7133898084758161
1_0,Y,20,-24.02810775756836,30,-11.503727,-11.503727,-24.02810775756836,0.7133521517811052
1_0,Y,16,-27.09759246826172,21,-14.181896,-14.181896,-27.09759246826172,0.7132742352512905
1_0,Y,15,-27.887459869384767,32,-11.492596,-11.492596,-27.887459869384767,0.7131046558378844
1_0,Y,14,-28.66732894897461,51,-5.4073277,-5.4073277,-28.66732894897461,0.712996579673993
1_0,Y,18,-25.59784423828125,28,-15.96331,-15.96331,-25.59784423828125,0.7127300627207986
1_0,Y,5,-35.58616744995117,40,-10.023459,-10.023459,-35.58616744995117,0.7127105642753326
1_0,Y,18,-25.59784423828125,17,-19.522118,-19.522118,-25.59784423828125,0.7126221992976189
1_0,Y,11,-30.93694793701172,17,-17.171127,-17.171127,-30.93694793701172,0.7123937590578275
1_0,Y,6,-34.806298370361326,46,-8.082151,-8.082151,-34.806298370361326,0.7123111299751377
1_0,Y,16,-27.09759246826172,25,-12.72221,-12.72221,-27.09759246826172,0.712310606081906
1_0,Y,17,-26.35771667480469,24,-16.302845,-16.302845,-26.35771667480469,0.7120083807669646
1_0,Y,9,-32.45669281005859,37,-9.671995,-9.671995,-32.45669281005859,0.7118962395615503
1_0,Y,5,-35.58616744995117,26,-14.492163,-14.492163,-35.58616744995117,0.7116707762168537
1_0,Y,11,-30.93694793701172,44,-6.3028126,-6.3028126,-30.93694793701172,0.7113734119278137
1_0,Y,7,-34.036427612304685,27,-13.843298,-13.843298,-34.036427612304685,0.7113306388128278
1_0,Y,15,-27.887459869384767,15,-18.622168,-18.622168,-27.887459869384767,0.7110777816485478
1_0,Y,19,-24.82797348022461,7,-22.341824,-22.341824,-24.82797348022461,0.71104103960232
1_0,Y,21,-23.25823699951172,34,-11.20285,-11.20285,-23.25823699951172,0.7110264714889197
1_0,Y,15,-27.887459869384767,35,-10.552651,-10.552651,-27.887459869384767,0.7101665383264372
1_0,Y,21,-23.25823699951172,35,-10.862864,-10.862864,-23.25823699951172,0.7100258820524883
1_0,Y,22,-22.51836120605469,34,-12.71313,-12.71313,-22.51836120605469,0.7095724483837207
1_0,Y,14,-28.66732894897461,23,-16.422478,-16.422478,-28.66732894897461,0.7092700427242475
1_0,Y,21,-23.25823699951172,33,-11.652832,-11.652832,-23.25823699951172,0.708316871975284
1_0,Y,9,-32.45669281005859,42,-8.602478,-8.602478,-32.45669281005859,0.7080691316273174
1_0,Y,18,-25.59784423828125,16,-19.772034,-19.772034,-25.59784423828125,0.7075004689364677
1_0,Y,15,-27.887459869384767,23,-15.342363,-15.342363,-27.887459869384767,0.7072925442039641
1_0,Y,17,-26.35771667480469,10,-21.68236,-21.68236,-26.35771667480469,0.7071589660570201
1_0,Y,15,-27.887459869384767,11,-19.652105,-19.652105,-27.887459869384767,0.7070586937066146
1_0,Y,11,-30.93694793701172,36,-9.292349,-9.292349,-30.93694793701172,0.7070241884208271
1_0,Y,9,-32.45669281005859,39,-9.312159,-9.312159,-32.45669281005859,0.7069580538507274
1_0,Y,5,-35.58616744995117,21,-16.381615,-16.381615,-35.58616744995117,0.706821183039074
1_0,Y,14,-28.66732894897461,43,-8.416002,-8.416002,-28.66732894897461,0.7067144422302013
1_0,Y,23,-21.748490447998048,21,-17.63209,-17.63209,-21.748490447998048,0.7065916297051953
1_0,Y,10,-31.716817016601563,36,-10.013238,-10.013238,-31.716817016601563,0.7065491597073486
1_0,Y,21,-23.25823699951172,27,-14.082735,-14.082735,-23.25823699951172,0.7064087146777676
1_0,Y,7,-34.036427612304685,31,-12.443697,-12.443697,-34.036427612304685,0.7063543611753107
1_0,Y,8,-33.24656021118164,25,-15.382982,-15.382982,-33.24656021118164,0.7061407988987409
1_0,Y,18,-25.59784423828125,11,-21.241543,-21.241543,-25.59784423828125,0.70599637397344
1_0,Y,18,-25.59784423828125,29,-15.583437,-15.583437,-25.59784423828125,0.7056673780875221
1_0,Y,18,-25.59784423828125,34,-13.234224,-13.234224,-25.59784423828125,0.7050124267363387
1_0,Y,12,-30.16707717895508,54,-4.608691,-4.608691,-30.16707717895508,0.704985141318765
1_0,Y,10,-31.716817016601563,33,-11.503007,-11.503007,-31.716817016601563,0.7049730798345688
1_0,Y,6,-34.806298370361326,50,-6.592494,-6.592494,-34.806298370361326,0.7048944937184738
1_0,Y,6,-34.806298370361326,24,-15.240503,-15.240503,-34.806298370361326,0.7044570178580827
1_0,Y,6,-34.806298370361326,53,-5.48275,-5.48275,-34.806298370361326,0.7040153737122317
1_0,Y,11,-30.93694793701172,23,-15.051456,-15.051456,-30.93694793701172,0.7027200377125504
1_0,Y,22,-22.51836120605469,33,-13.153072,-13.153072,-22.51836120605469,0.7024360737999142
1_0,Y,8,-33.24656021118164,15,-18.902208,-18.902208,-33.24656021118164,0.7023833654162069
1_0,Y,8,-33.24656021118164,41,-9.474282,-9.474282,-33.24656021118164,0.7004957589912701
1_0,Y,14,-28.66732894897461,50,-5.5972443,-5.5972443,-28.66732894897461,0.7004957031094363
1_0,Y,6,-34.806298370361326,32,-13.04101,-13.04101,-34.806298370361326,0.7004449326859117
1_0,Y,15,-27.887459869384767,27,-13.642466,-13.642466,-27.887459869384767,0.7001395846017173
1_0,Y,9,-32.45669281005859,31,-11.831024,-11.831024,-32.45669281005859,0.6999356567380014
1_0,Y,8,-33.24656021118164,40,-9.934181,-9.934181,-33.24656021118164,0.6999077496890556
1_0,Y,15,-27.887459869384767,12,-19.42212,-19.42212,-27.887459869384767,0.6998331316982231
1_0,Y,7,-34.036427612304685,48,-6.3254423,-6.3254423,-34.036427612304685,0.6995991671251499
1_0,Y,21,-23.25823699951172,40,-8.672952,-8.672952,-23.25823699951172,0.6994550372527587
1_0,Y,15,-27.887459869384767,17,-17.992205,-17.992205,-27.887459869384767,0.6991150508452724
1_0,Y,19,-24.82797348022461,22,-17.20208,-17.20208,-24.82797348022461,0.6986104162668622
1_0,Y,8,-33.24656021118164,31,-12.973513,-12.973513,-33.24656021118164,0.6983920361145939
1_0,Y,8,-33.24656021118164,44,-8.554485,-8.554485,-33.24656021118164,0.6983327425380577
1_0,Y,13,-29.40720474243164,41,-9.917488,-9.917488,-29.40720474243164,0.6981299180522529
1_0,Y,23,-21.748490447998048,30,-13.962622,-13.962622,-21.748490447998048,0.6979377210051849
1_0,Y,14,-28.66732894897461,52,-5.1874247,-5.1874247,-28.66732894897461,0.6978324591931223
1_0,Y,7,-34.036427612304685,26,-14.253181,-14.253181,-34.036427612304685,0.6968006910427851
1_0,Y,18,-25.59784423828125,31,-14.543786,-14.543786,-25.59784423828125,0.696646914871711
1_0,Y,18,-25.59784423828125,10,-21.48146,-21.48146,-25.59784423828125,0.6963697321549255
1_0,Y,19,-24.82797348022461,13,-20.201931,-20.201931,-24.82797348022461,0.6959456763763583
1_0,Y,16,-27.09759246826172,14,-17.501183,-17.501183,-27.09759246826172,0.6954197845933242
1_0,Y,14,-28.66732894897461,25,-15.472895,-15.472895,-28.66732894897461,0.6952652820275258
1_0,Y,18,-25.59784423828125,15,-20.081928,-20.081928,-25.59784423828125,0.6951347684862034
1_0,Y,20,-24.02810775756836,31,-11.1538105,-11.1538105,-24.02810775756836,0.6950944244938624
1_0,Y,10,-31.716817016601563,38,-9.313347,-9.313347,-31.716817016601563,0.6949752420758061
1_0,Y,20,-24.02810775756836,19,-16.272606,-16.272606,-24.02810775756836,0.6946467776897055
1_0,Y,8,-33.24656021118164,46,-8.224558,-8.224558,-33.24656021118164,0.6945229571914405
1_0,Y,9,-32.45669281005859,10,-19.947369,-19.947369,-32.45669281005859,0.6943344316925756
1_0,Y,7,-34.036427612304685,22,-15.512823,-15.512823,-34.036427612304685,0.694333516360532
1_0,Y,8,-33.24656021118164,42,-9.07437,-9.07437,-33.24656021118164,0.6935938998264259
1_0,Y,16,-27.09759246826172,12,-18.480972,-18.480972,-27.09759246826172,0.6934236260351117
1_0,Y,14,-28.66732894897461,47,-6.7667294,-6.7667294,-28.66732894897461,0.6931080221668964
1_0,Y,23,-21.748490447998048,29,-14.452551,-14.452551,-21.748490447998048,0.6929889438934114
1_0,Y,11,-30.93694793701172,25,-14.171593,-14.171593,-30.93694793701172,0.6929132125063009
1_0,Y,9,-32.45669281005859,53,-4.964115,-4.964115,-32.45669281005859,0.6928724907839042
1_0,Y,5,-35.58616744995117,39,-10.273387,-10.273387,-35.58616744995117,0.6928242116308143
1_0,Y,10,-31.716817016601563,11,-20.021687,-20.021687,-31.716817016601563,0.6926849073252166
1_0,Y,10,-31.716817016601563,28,-13.212742,-13.212742,-31.716817016601563,0.6926820763391102
1_0,Y,9,-32.45669281005859,38,-9.512068,-9.512068,-32.45669281005859,0.6924468919861835
1_0,Y,23,-21.748490447998048,14,-19.791777,-19.791777,-21.748490447998048,0.6922413924731136
1_0,Y,9,-32.45669281005859,16,-17.56844,-17.56844,-32.45669281005859,0.6922373047108268
1_0,Y,10,-31.716817016601563,25,-14.202588,-14.202588,-31.716817016601563,0.6921685099469703
1_0,Y,8,-33.24656021118164,21,-16.562723,-16.562723,-33.24656021118164,0.6916513592187343
1_0,Y,9,-32.45669281005859,24,-14.729719,-14.729719,-32.45669281005859,0.6915766298840661
1_0,Y,6,-34.806298370361326,33,-12.781071,-12.781071,-34.806298370361326,0.6914438109645651
1_0,Y,15,-27.887459869384767,25,-14.442417,-14.442417,-27.887459869384767,0.6912441850561897
1_0,Y,8,-33.24656021118164,47,-8.054595,-8.054595,-33.24656021118164,0.6910208734892556
1_0,Y,7,-34.036427612304685,36,-10.914133,-10.914133,-34.036427612304685,0.6905247492759328
1_0,Y,8,-33.24656021118164,33,-12.273666,-12.273666,-33.24656021118164,0.6905158911182756
1_0,Y,15,-27.887459869384767,19,-17.07226,-17.07226,-27.887459869384767,0.6904568255668956
1_0,Y,10,-31.716817016601563,27,-13.502697,-13.502697,-31.716817016601563,0.6904123373703546
1_0,Y,15,-27.887459869384767,10,-20.312065,-20.312065,-27.887459869384767,0.6901360321557557
1_0,Y,15,-27.887459869384767,8,-21.052021,-21.052021,-27.887459869384767,0.6900073781938756
1_0,Y,13,-29.40720474243164,50,-6.2877054,-6.2877054,-29.40720474243164,0.689943421880458
1_0,Y,10,-31.716817016601563,24,-14.45255,-14.45255,-31.716817016601563,0.6891620330371041
1_0,Y,7,-34.036427612304685,39,-9.554522,-9.554522,-34.036427612304685,0.6887299127798314
1_0,Y,21,-23.25823699951172,24,-15.482679,-15.482679,-23.25823699951172,0.6883472657901364
1_0,Y,15,-27.887459869384767,37,-9.612707,-9.612707,-27.887459869384767,0.6882404623304259
1_0,Y,6,-34.806298370361326,44,-8.662018,-8.662018,-34.806298370361326,0.6879019010032517
1_0,Y,6,-34.806298370361326,41,-10.051699,-10.051699,-34.806298370361326,0.6875599181558505
1_0,Y,8,-33.24656021118164,32,-12.5935955,-12.5935955,-33.24656021118164,0.6872237323263473
1_0,Y,16,-27.09759246826172,10,-19.430767,-19.430767,-27.09759246826172,0.6872137091760172
1_0,Y,20,-24.02810775756836,23,-14.47303,-14.47303,-24.02810775756836,0.68678212884909
1_0,Y,9,-32.45669281005859,25,-14.419859,-14.419859,-32.45669281005859,0.6866702335371337
1_0,Y,11,-30.93694793701172,19,-16.721197,-16.721197,-30.93694793701172,0.6865400646664094
1_0,Y,17,-26.35771667480469,5,-22.972244,-22.972244,-26.35771667480469,0.6860763729006147
1_0,Y,10,-31.716817016601563,32,-11.732971,-11.732971,-31.716817016601563,0.685816930486088
1_0,Y,17,-26.35771667480469,23,-16.672812,-16.672812,-26.35771667480469,0.6855761736002514
1_0,Y,17,-26.35771667480469,20,-17.962694,-17.962694,-26.35771667480469,0.6855581991166166
1_0,Y,9,-32.45669281005859,22,-15.429403,-15.429403,-32.45669281005859,0.6849310041934176
1_0,Y,11,-30.93694793701172,24,-14.361563,-14.361563,-30.93694793701172,0.684856147960273
1_0,Y,23,-21.748490447998048,37,-11.193024,-11.193024,-21.748490447998048,0.6844665670023055
1_0,Y,11,-30.93694793701172,11,-19.300798,-19.300798,-30.93694793701172,0.6843578076367735
1_0,Y,5,-35.58616744995117,18,-17.471298,-17.471298,-35.58616744995117,0.6839967461090464
1_0,Y,23,-21.748490447998048,27,-15.462404,-15.462404,-21.748490447998048,0.6839523817899295
1_0,Y,18,-25.59784423828125,13,-20.581762,-20.581762,-25.59784423828125,0.6836304842164904
1_0,Y,16,-27.09759246826172,22,-13.961944,-13.961944,-27.09759246826172,0.68354273011279
1_0,Y,21,-23.25823699951172,26,-14.652712,-14.652712,-23.25823699951172,0.6830314252771474
1_0,Y,5,-35.58616744995117,36,-11.103146,-11.103146,-35.58616744995117,0.6829296742014783
1_0,Y,19,-24.82797348022461,28,-14.562213,-14.562213,-24.82797348022461,0.682929659015414
1_0,Y,15,-27.887459869384767,9,-20.57205,-20.57205,-27.887459869384767,0.6827805162001365
1_0,Y,7,-34.036427612304685,24,-14.952982,-14.952982,-34.036427612304685,0.6825804452196755
1_0,Y,9,-32.45669281005859,26,-14.04003,-14.04003,-32.45669281005859,0.6824538235905293
1_0,Y,9,-32.45669281005859,23,-14.899643,-14.899643,-32.45669281005859,0.6820851434524565
1_0,Y,19,-24.82797348022461,24,-15.972143,-15.972143,-24.82797348022461,0.6816640027011946
1_0,Y,9,-32.45669281005859,36,-9.841919,-9.841919,-32.45669281005859,0.6813494224368964
1_0,Y,19,-24.82797348022461,10,-21.541862,-21.541862,-24.82797348022461,0.6813442752346337
1_0,Y,7,-34.036427612304685,45,-7.055234,-7.055234,-34.036427612304685,0.6811619035271665
1_0,Y,6,-34.806298370361326,34,-12.581116,-12.581116,-34.806298370361326,0.6811334249831849
1_0,Y,19,-24.82797348022461,29,-14.402222,-14.402222,-24.82797348022461,0.6810956065454418
1_0,Y,8,-33.24656021118164,16,-18.622269,-18.622269,-33.24656021118164,0.6808390909091178
1_0,Y,5,-35.58616744995117,27,-14.112273,-14.112273,-35.58616744995117,0.6807861619545196
1_0,Y,12,-30.16707717895508,41,-9.776571,-9.776571,-30.16707717895508,0.6807800781269895
1_0,Y,18,-25.59784423828125,24,-16.902996,-16.902996,-25.59784423828125,0.6803901960255273
1_0,Y,21,-23.25823699951172,30,-12.852785,-12.852785,-23.25823699951172,0.680218081057852
1_0,Y,16,-27.09759246826172,17,-16.221458,-16.221458,-27.09759246826172,0.6801813945904316
1_0,Y,10,-31.716817016601563,21,-15.882328,-15.882328,-31.716817016601563,0.6801159554111386
1_0,Y,10,-31.716817016601563,29,-12.802806,-12.802806,-31.716817016601563,0.6793263307590609
1_0,Y,9,-32.45669281005859,13,-18.278122,-18.278122,-32.45669281005859,0.679183495893647
1_0,Y,11,-30.93694793701172,26,-13.861641,-13.861641,-30.93694793701172,0.6790947298257775
1_0,Y,8,-33.24656021118164,34,-12.063713,-12.063713,-33.24656021118164,0.678911565687909
1_0,Y,6,-34.806298370361326,36,-11.851284,-11.851284,-34.806298370361326,0.6789078737906675
1_0,Y,20,-24.02810775756836,25,-13.783192,-13.783192,-24.02810775756836,0.6784741463645757
1_0,Y,15,-27.887459869384767,21,-16.192312,-16.192312,-27.887459869384767,0.6784675834468585
1_0,Y,15,-27.887459869384767,6,-21.931969,-21.931969,-27.887459869384767,0.6784119585417824
1_0,Y,5,-35.58616744995117,24,-15.511868,-15.511868,-35.58616744995117,0.6780008838877575
1_0,Y,6,-34.806298370361326,16,-18.539745,-18.539745,-34.806298370361326,0.677918424013262
1_0,Y,6,-34.806298370361326,3,-23.378632,-23.378632,-34.806298370361326,0.6778819811845352
1_0,Y,8,-33.24656021118164,39,-10.414076,-10.414076,-33.24656021118164,0.6776851894354619
1_0,Y,23,-21.748490447998048,22,-17.202152,-17.202152,-21.748490447998048,0.6774237352334551
1_0,Y,8,-33.24656021118164,38,-10.833982,-10.833982,-33.24656021118164,0.6772238046410263
1_0,Y,14,-28.66732894897461,46,-7.10658,-7.10658,-28.66732894897461,0.6772121642442921
1_0,Y,17,-26.35771667480469,14,-20.322483,-20.322483,-26.35771667480469,0.6770530370004076
1_0,Y,17,-26.35771667480469,33,-12.383198,-12.383198,-26.35771667480469,0.6770231518152842
1_0,Y,11,-30.93694793701172,10,-19.67074,-19.67074,-30.93694793701172,0.6769167903448703
1_0,Y,11,-30.93694793701172,13,-18.270958,-18.270958,-30.93694793701172,0.6768316481140791
1_0,Y,18,-25.59784423828125,25,-16.693066,-16.693066,-25.59784423828125,0.676735252499793
1_0,Y,23,-21.748490447998048,23,-16.80221,-16.80221,-21.748490447998048,0.6766666867555026
1_0,Y,18,-25.59784423828125,12,-20.871666,-20.871666,-25.59784423828125,0.6764153339723695
1_0,Y,17,-26.35771667480469,3,-23.692179,-23.692179,-26.35771667480469,0.6756743322670813
1_0,Y,20,-24.02810775756836,5,-22.391169,-22.391169,-24.02810775756836,0.6755100286344915
1_0,Y,9,-32.45669281005859,30,-12.390772,-12.390772,-32.45669281005859,0.6754500543605841
1_0,Y,8,-33.24656021118164,35,-11.853759,-11.853759,-33.24656021118164,0.6752411792116777
1_0,Y,20,-24.02810775756836,20,-15.822712,-15.822712,-24.02810775756836,0.6747076489371513
1_0,Y,8,-33.24656021118164,52,-6.434952,-6.434952,-33.24656021118164,0.6743043948353726
1_0,Y,14,-28.66732894897461,14,-19.291214,-19.291214,-28.66732894897461,0.674289236857472
1_0,Y,11,-30.93694793701172,12,-18.730886,-18.730886,-30.93694793701172,0.6741805853025672
1_0,Y,7,-34.036427612304685,1,-23.740479,-23.740479,-34.036427612304685,0.6741609737184513
1_0,Y,10,-31.716817016601563,30,-12.462858,-12.462858,-31.716817016601563,0.6741294909036739
1_0,Y,20,-24.02810775756836,22,-14.872936,-14.872936,-24.02810775756836,0.6741224061261202
1_0,Y,9,-32.45669281005859,11,-19.16772,-19.16772,-32.45669281005859,0.6740259984156873
1_0,Y,15,-27.887459869384767,13,-19.182133,-19.182133,-27.887459869384767,0.6737690729562136
1_0,Y,17,-26.35771667480469,6,-22.78226,-22.78226,-26.35771667480469,0.6737047993811541
1_0,Y,17,-26.35771667480469,4,-23.36221,-23.36221,-26.35771667480469,0.6736907844882128
1_0,Y,5,-35.58616744995117,23,-15.731804,-15.731804,-35.58616744995117,0.6736828823846042
1_0,Y,14,-28.66732894897461,39,-9.8753605,-9.8753605,-28.66732894897461,0.6735703226265138
1_0,Y,23,-21.748490447998048,25,-15.972331,-15.972331,-21.748490447998048,0.6734628208212842
1_0,Y,23,-21.748490447998048,24,-16.372272,-16.372272,-21.748490447998048,0.6734118440797334
1_0,Y,14,-28.66732894897461,13,-19.511116,-19.511116,-28.66732894897461,0.6728231862856393
1_0,Y,20,-24.02810775756836,18,-16.882463,-16.882463,-24.02810775756836,0.6725747228854236
1_0,Y,22,-22.51836120605469,25,-16.382652,-16.382652,-22.51836120605469,0.6725342437467496
1_0,Y,11,-30.93694793701172,29,-12.891791,-12.891791,-30.93694793701172,0.6723766184668056
1_0,Y,12,-30.16707717895508,16,-19.172718,-19.172718,-30.16707717895508,0.6722862248192674
1_0,Y,11,-30.93694793701172,37,-8.982397,-8.982397,-30.93694793701172,0.6720566884960432
1_0,Y,22,-22.51836120605469,30,-14.832854,-14.832854,-22.51836120605469,0.6719850663734864
1_0,Y,23,-21.748490447998048,6,-22.481388,-22.481388,-21.748490447998048,0.6718169430309975
1_0,Y,22,-22.51836120605469,28,-15.602755,-15.602755,-22.51836120605469,0.671810503718508
1_0,Y,18,-25.59784423828125,5,-22.960964,-22.960964,-25.59784423828125,0.6718029562702963
1_0,Y,22,-22.51836120605469,11,-21.421997,-21.421997,-22.51836120605469,0.6717038645791997
1_0,Y,16,-27.09759246826172,20,-14.511826,-14.511826,-27.09759246826172,0.6717013833415049
1_0,Y,22,-22.51836120605469,24,-16.742605,-16.742605,-22.51836120605469,0.6714627781606939
1_0,Y,20,-24.02810775756836,14,-18.842003,-18.842003,-24.02810775756836,0.671095903552847
1_0,Y,23,-21.748490447998048,13,-20.061739,-20.061739,-21.748490447998048,0.6710006369065117
1_0,Y,12,-30.16707717895508,40,-9.946502,-9.946502,-30.16707717895508,0.6707726339657901
1_0,Y,23,-21.748490447998048,16,-19.321846,-19.321846,-21.748490447998048,0.6705268068087415
1_0,Y,7,-34.036427612304685,23,-15.142928,-15.142928,-34.036427612304685,0.6702286355725429
1_0,Y,6,-34.806298370361326,20,-16.83014,-16.83014,-34.806298370361326,0.6702163395992027
1_0,Y,14,-28.66732894897461,44,-7.656337,-7.656337,-28.66732894897461,0.6701519626757353
1_0,Y,17,-26.35771667480469,15,-20.042507,-20.042507,-26.35771667480469,0.6696960320520302
1_0,Y,13,-29.40720474243164,15,-18.87695,-18.87695,-29.40720474243164,0.6695319995090143
1_0,Y,7,-34.036427612304685,14,-18.621937,-18.621937,-34.036427612304685,0.6687036127481224
1_0,Y,16,-27.09759246826172,15,-16.851322,-16.851322,-27.09759246826172,0.6686081939322348
1_0,Y,16,-27.09759246826172,19,-14.841755,-14.841755,-27.09759246826172,0.6685312780845891
1_0,Y,10,-31.716817016601563,19,-16.862177,-16.862177,-31.716817016601563,0.66845709607355
1_0,Y,8,-33.24656021118164,29,-13.703352,-13.703352,-33.24656021118164,0.6682975648004874
1_0,Y,9,-32.45669281005859,48,-6.6233683,-6.6233683,-32.45669281005859,0.6676837149848505
1_0,Y,17,-26.35771667480469,17,-19.552551,-19.552551,-26.35771667480469,0.6676638015452341
1_0,Y,10,-31.716817016601563,26,-13.7726555,-13.7726555,-31.716817016601563,0.6673854861343567
1_0,Y,6,-34.806298370361326,22,-15.91035,-15.91035,-34.806298370361326,0.6670975967928084
1_0,Y,21,-23.25823699951172,28,-13.44276,-13.44276,-23.25823699951172,0.667025273702091
1_0,Y,14,-28.66732894897461,8,-21.280338,-21.280338,-28.66732894897461,0.6670139480998389
1_0,Y,8,-33.24656021118164,20,-17.062613,-17.062613,-33.24656021118164,0.667003577292759
1_0,Y,6,-34.806298370361326,11,-20.77923,-20.77923,-34.806298370361326,0.6669106868127201
1_0,Y,17,-26.35771667480469,19,-18.472649,-18.472649,-26.35771667480469,0.6668403575764641
1_0,Y,18,-25.59784423828125,20,-18.32252,-18.32252,-25.59784423828125,0.6666595183248197
1_0,Y,10,-31.716817016601563,16,-18.211966,-18.211966,-31.716817016601563,0.6665847974221346
1_0,Y,21,-23.25823699951172,20,-17.172611,-17.172611,-23.25823699951172,0.6664749962050963
1_0,Y,6,-34.806298370361326,37,-11.301411,-11.301411,-34.806298370361326,0.665657732681705
1_0,Y,6,-34.806298370361326,29,-13.650869,-13.650869,-34.806298370361326,0.6654902180258508
1_0,Y,20,-24.02810775756836,4,-22.691097,-22.691097,-24.02810775756836,0.6650416641173791
1_0,Y,20,-24.02810775756836,32,-10.783897,-10.783897,-24.02810775756836,0.6648222303075084
1_0,Y,12,-30.16707717895508,31,-13.195169,-13.195169,-30.16707717895508,0.6646043940167545
1_0,Y,16,-27.09759246826172,7,-20.340572,-20.340572,-27.09759246826172,0.6642183464748134
1_0,Y,15,-27.887459869384767,22,-15.8323345,-15.8323345,-27.887459869384767,0.6641410556316624
1_0,Y,13,-29.40720474243164,38,-10.787436,-10.787436,-29.40720474243164,0.66403513355059
1_0,Y,19,-24.82797348022461,12,-20.861897,-20.861897,-24.82797348022461,0.6640088689831893
1_0,Y,22,-22.51836120605469,12,-21.162031,-21.162031,-22.51836120605469,0.6636945707856593
1_0,Y,19,-24.82797348022461,23,-16.642109,-16.642109,-24.82797348022461,0.6636197282650075
1_0,Y,12,-30.16707717895508,42,-9.546666,-9.546666,-30.16707717895508,0.6635837045538442
1_0,Y,23,-21.748490447998048,10,-21.08159,-21.08159,-21.748490447998048,0.6634659093425931
1_0,Y,5,-35.58616744995117,8,-21.900013,-21.900013,-35.58616744995117,0.663296945084098
1_0,Y,11,-30.93694793701172,33,-10.752123,-10.752123,-30.93694793701172,0.6631630927163996
1_0,Y,17,-26.35771667480469,7,-22.482288,-22.482288,-26.35771667480469,0.6630992625280974
1_0,Y,11,-30.93694793701172,27,-13.501697,-13.501697,-30.93694793701172,0.6625996599219377
1_0,Y,11,-30.93694793701172,35,-9.862261,-9.862261,-30.93694793701172,0.6625710706474888
1_0,Y,5,-35.58616744995117,37,-10.823227,-10.823227,-35.58616744995117,0.6624758907821047
1_0,Y,7,-34.036427612304685,30,-12.843584,-12.843584,-34.036427612304685,0.6624069137222408
1_0,Y,8,-33.24656021118164,57,-4.5853577,-4.5853577,-33.24656021118164,0.6623693790596489
1_0,Y,16,-27.09759246826172,16,-16.531391,-16.531391,-27.09759246826172,0.6620419447555208
1_0,Y,19,-24.82797348022461,14,-19.871948,-19.871948,-24.82797348022461,0.6619165985534089
1_0,Y,6,-34.806298370361326,35,-12.121222,-12.121222,-34.806298370361326,0.6618887361391289
1_0,Y,6,-34.806298370361326,7,-21.828987,-21.828987,-34.806298370361326,0.6611879605978886
1_0,Y,22,-22.51836120605469,10,-21.581978,-21.581978,-22.51836120605469,0.6611068070212597
1_0,Y,8,-33.24656021118164,30,-13.4834,-13.4834,-33.24656021118164,0.6609533687436148
1_0,Y,20,-24.02810775756836,12,-19.551836,-19.551836,-24.02810775756836,0.6606132415494608
1_0,Y,21,-23.25823699951172,29,-13.20277,-13.20277,-23.25823699951172,0.6605151995124419
1_0,Y,12,-30.16707717895508,25,-16.163952,-16.163952,-30.16707717895508,0.6604934182173192
1_0,Y,8,-33.24656021118164,3,-23.681156,-23.681156,-33.24656021118164,0.6604623343543906
1_0,Y,11,-30.93694793701172,9,-19.950697,-19.950697,-30.93694793701172,0.6602349461174211
1_0,Y,21,-23.25823699951172,23,-16.182652,-16.182652,-23.25823699951172,0.6602150398685805
1_0,Y,13,-29.40720474243164,13,-19.406918,-19.406918,-29.40720474243164,0.6601457485822633
1_0,Y,22,-22.51836120605469,18,-18.72235,-18.72235,-22.51836120605469,0.6600435798348434
1_0,Y,10,-31.716817016601563,17,-17.652054,-17.652054,-31.716817016601563,0.659900062891857
1_0,Y,12,-30.16707717895508,49,-6.647855,-6.647855,-30.16707717895508,0.6598822995645806
1_0,Y,23,-21.748490447998048,28,-14.862492,-14.862492,-21.748490447998048,0.6589073990851599
1_0,Y,7,-34.036427612304685,7,-21.211197,-21.211197,-34.036427612304685,0.6587295011611618
1_0,Y,23,-21.748490447998048,15,-19.591806,-19.591806,-21.748490447998048,0.6587098078905071
1_0,Y,8,-33.24656021118164,1,-24.131058,-24.131058,-33.24656021118164,0.6586716855230088
1_0,Y,6,-34.806298370361326,31,-13.320946,-13.320946,-34.806298370361326,0.658653794007283
1_0,Y,18,-25.59784423828125,14,-20.381828,-20.381828,-25.59784423828125,0.6584702792601667
1_0,Y,10,-31.716817016601563,37,-9.663293,-9.663293,-31.716817016601563,0.6582819739536183
1_0,Y,14,-28.66732894897461,20,-17.362064,-17.362064,-28.66732894897461,0.658267923973016
1_0,Y,14,-28.66732894897461,29,-13.413801,-13.413801,-28.66732894897461,0.6576815277472101
1_0,Y,6,-34.806298370361326,15,-18.85967,-18.85967,-34.806298370361326,0.6576628509641369
1_0,Y,23,-21.748490447998048,5,-22.691357,-22.691357,-21.748490447998048,0.657539335409348
1_0,Y,11,-30.93694793701172,38,-8.672445,-8.672445,-30.93694793701172,0.657425219301515
1_0,Y,13,-29.40720474243164,29,-14.497213,-14.497213,-29.40720474243164,0.6572998444464118
1_0,Y,11,-30.93694793701172,16,-17.451084,-17.451084,-30.93694793701172,0.6570708150563002
1_0,Y,11,-30.93694793701172,34,-10.222205,-10.222205,-30.93694793701172,0.6569959978715089
1_0,Y,8,-33.24656021118164,19,-17.412535,-17.412535,-33.24656021118164,0.6569015381811024
1_0,Y,8,-33.24656021118164,37,-11.363867,-11.363867,-33.24656021118164,0.6566379313680177
1_0,Y,11,-30.93694793701172,49,-4.38311,-4.38311,-30.93694793701172,0.6561932068922914
1_0,Y,7,-34.036427612304685,6,-21.441132,-21.441132,-34.036427612304685,0.6560978421811096
1_0,Y,10,-31.716817016601563,20,-16.592218,-16.592218,-31.716817016601563,0.6558360624057937
1_0,Y,16,-27.09759246826172,8,-19.990648,-19.990648,-27.09759246826172,0.6557608081300349
1_0,Y,18,-25.59784423828125,23,-17.122921,-17.122921,-25.59784423828125,0.6551055963071982
1_0,Y,10,-31.716817016601563,45,-6.5137806,-6.5137806,-31.716817016601563,0.6546576442420571
1_0,Y,8,-33.24656021118164,24,-15.5629425,-15.5629425,-33.24656021118164,0.6546045638229439
1_0,Y,13,-29.40720474243164,14,-19.236929,-19.236929,-29.40720474243164,0.6543130070541383
1_0,Y,20,-24.02810775756836,21,-15.372818,-15.372818,-24.02810775756836,0.6542797671220146
1_0,Y,11,-30.93694793701172,14,-18.040993,-18.040993,-30.93694793701172,0.6540947005074709
1_0,Y,22,-22.51836120605469,3,-23.531723,-23.531723,-22.51836120605469,0.6540779331871271
1_0,Y,15,-27.887459869384767,20,-16.612288,-16.612288,-27.887459869384767,0.6539755833653099
1_0,Y,14,-28.66732894897461,41,-9.365585,-9.365585,-28.66732894897461,0.6538309136005765
1_0,Y,8,-33.24656021118164,2,-23.9311,-23.9311,-33.24656021118164,0.6535887935984696
1_0,Y,14,-28.66732894897461,30,-12.864044,-12.864044,-28.66732894897461,0.6533299161706932
1_0,Y,12,-30.16707717895508,13,-20.202297,-20.202297,-30.16707717895508,0.6532252627327838
1_0,Y,22,-22.51836120605469,6,-22.591846,-22.591846,-22.51836120605469,0.6531211949758471
1_0,Y,22,-22.51836120605469,26,-16.162682,-16.162682,-22.51836120605469,0.6530565725411517
1_0,Y,8,-33.24656021118164,26,-15.153032,-15.153032,-33.24656021118164,0.6529836175717674
1_0,Y,6,-34.806298370361326,6,-22.018944,-22.018944,-34.806298370361326,0.6525119428618973
1_0,Y,13,-29.40720474243164,40,-10.257467,-10.257467,-29.40720474243164,0.6524401186884539
1_0,Y,19,-24.82797348022461,3,-23.43177,-23.43177,-24.82797348022461,0.6523273907008091
1_0,Y,18,-25.59784423828125,3,-23.340837,-23.340837,-25.59784423828125,0.6523246560683196
1_0,Y,23,-21.748490447998048,26,-15.652377,-15.652377,-21.748490447998048,0.6521437422584522
1_0,Y,16,-27.09759246826172,3,-23.27994,-23.27994,-27.09759246826172,0.6521347850304313
1_0,Y,14,-28.66732894897461,17,-18.44159,-18.44159,-28.66732894897461,0.651674293215567
1_0,Y,19,-24.82797348022461,18,-18.821999,-18.821999,-24.82797348022461,0.6515020353299906
1_0,Y,7,-34.036427612304685,5,-21.960983,-21.960983,-34.036427612304685,0.6512816525959112
1_0,Y,5,-35.58616744995117,16,-18.650957,-18.650957,-35.58616744995117,0.6511338821798656
1_0,Y,19,-24.82797348022461,15,-19.501965,-19.501965,-24.82797348022461,0.6510032289534907
1_0,Y,16,-27.09759246826172,13,-18.231026,-18.231026,-27.09759246826172,0.6505984080278575
1_0,Y,13,-29.40720474243164,21,-17.097057,-17.097057,-29.40720474243164,0.6505201485518556
1_0,Y,22,-22.51836120605469,7,-22.421867,-22.421867,-22.51836120605469,0.6502512743526003
1_0,Y,12,-30.16707717895508,15,-19.75248,-19.75248,-30.16707717895508,0.6500392794730031
1_0,Y,18,-25.59784423828125,9,-21.791357,-21.791357,-25.59784423828125,0.6499661794730595
1_0,Y,7,-34.036427612304685,17,-17.31231,-17.31231,-34.036427612304685,0.6496797432430411
1_0,Y,6,-34.806298370361326,39,-10.511593,-10.511593,-34.806298370361326,0.6495032990428965
1_0,Y,18,-25.59784423828125,8,-22.001286,-22.001286,-25.59784423828125,0.6493956246079765
1_0,Y,12,-30.16707717895508,14,-19.912415,-19.912415,-30.16707717895508,0.6489707460339776
1_0,Y,20,-24.02810775756836,11,-19.881758,-19.881758,-24.02810775756836,0.6488760810875331
1_0,Y,17,-26.35771667480469,2,-24.01215,-24.01215,-26.35771667480469,0.6487093530393739
1_0,Y,16,-27.09759246826172,9,-19.690712,-19.690712,-27.09759246826172,0.6485599166424397
1_0,Y,6,-34.806298370361326,40,-10.321636,-10.321636,-34.806298370361326,0.648191826305828
1_0,Y,10,-31.716817016601563,15,-18.471926,-18.471926,-31.716817016601563,0.6479634752009727
1_0,Y,5,-35.58616744995117,28,-13.852348,-13.852348,-35.58616744995117,0.6478460001517571
1_0,Y,19,-24.82797348022461,21,-17.572063,-17.572063,-24.82797348022461,0.6472587066544615
1_0,Y,8,-33.24656021118164,9,-21.151712,-21.151712,-33.24656021118164,0.6469169388848472
1_0,Y,7,-34.036427612304685,21,-15.772749,-15.772749,-34.036427612304685,0.6468865774659619
1_0,Y,23,-21.748490447998048,17,-19.031887,-19.031887,-21.748490447998048,0.6468271363649677
1_0,Y,18,-25.59784423828125,18,-19.172234,-19.172234,-25.59784423828125,0.6466615630388146
1_0,Y,19,-24.82797348022461,11,-21.151882,-21.151882,-24.82797348022461,0.6466232384101457
1_0,Y,18,-25.59784423828125,26,-16.47314,-16.47314,-25.59784423828125,0.646571863427332
1_0,Y,23,-21.748490447998048,18,-18.781923,-18.781923,-21.748490447998048,0.646430881020895
1_0,Y,8,-33.24656021118164,4,-23.251251,-23.251251,-33.24656021118164,0.6463299625729644
1_0,Y,12,-30.16707717895508,24,-16.553791,-16.553791,-30.16707717895508,0.6461302187692526
1_0,Y,6,-34.806298370361326,8,-21.659027,-21.659027,-34.806298370361326,0.6452222052909107
1_0,Y,17,-26.35771667480469,8,-22.172316,-22.172316,-26.35771667480469,0.644862613117221
1_0,Y,17,-26.35771667480469,9,-21.952335,-21.952335,-26.35771667480469,0.6447916353979362
1_0,Y,8,-33.24656021118164,36,-11.643805,-11.643805,-33.24656021118164,0.6447777291718297
1_0,Y,14,-28.66732894897461,31,-12.304291,-12.304291,-28.66732894897461,0.6446473370638671
1_0,Y,21,-23.25823699951172,5,-22.332405,-22.332405,-23.25823699951172,0.64431164094723
1_0,Y,22,-22.51836120605469,21,-17.842463,-17.842463,-22.51836120605469,0.6440846111875486
1_0,Y,10,-31.716817016601563,1,-24.111052,-24.111052,-31.716817016601563,0.6436192182616467
1_0,Y,22,-22.51836120605469,29,-15.212805,-15.212805,-22.51836120605469,0.643437829873187
1_0,Y,13,-29.40720474243164,19,-17.587029,-17.587029,-29.40720474243164,0.6434028811577234
1_0,Y,22,-22.51836120605469,22,-17.282536,-17.282536,-22.51836120605469,0.6431750601612006
1_0,Y,8,-33.24656021118164,23,-16.032839,-16.032839,-33.24656021118164,0.643031274379394
1_0,Y,20,-24.02810775756836,15,-18.392109,-18.392109,-24.02810775756836,0.6428841649001182
1_0,Y,6,-34.806298370361326,26,-14.380702,-14.380702,-34.806298370361326,0.6425558245048983
1_0,Y,11,-30.93694793701172,31,-11.472012,-11.472012,-30.93694793701172,0.6423755886691453
1_0,Y,14,-28.66732894897461,18,-18.161713,-18.161713,-28.66732894897461,0.6416975958195424
1_0,Y,18,-25.59784423828125,4,-23.180893,-23.180893,-25.59784423828125,0.641669835432087
1_0,Y,9,-32.45669281005859,18,-16.798786,-16.798786,-32.45669281005859,0.6413484658349393
1_0,Y,7,-34.036427612304685,37,-10.554236,-10.554236,-34.036427612304685,0.6412874793587231
1_0,Y,12,-30.16707717895508,46,-7.8673544,-7.8673544,-30.16707717895508,0.6411083702665317
1_0,Y,22,-22.51836120605469,14,-20.282146,-20.282146,-22.51836120605469,0.6409935351173041
1_0,Y,9,-32.45669281005859,14,-18.118195,-18.118195,-32.45669281005859,0.6409850606802785
1_0,Y,15,-27.887459869384767,16,-18.312185,-18.312185,-27.887459869384767,0.6409287703721318
1_0,Y,5,-35.58616744995117,15,-19.240786,-19.240786,-35.58616744995117,0.6408950885926361
1_0,Y,22,-22.51836120605469,8,-22.221893,-22.221893,-22.51836120605469,0.6404791998796705
1_0,Y,8,-33.24656021118164,18,-17.662481,-17.662481,-33.24656021118164,0.6404063515482684
1_0,Y,10,-31.716817016601563,14,-19.241806,-19.241806,-31.716817016601563,0.6403371618514578
1_0,Y,8,-33.24656021118164,8,-21.831564,-21.831564,-33.24656021118164,0.640157272827376
1_0,Y,20,-24.02810775756836,17,-17.342356,-17.342356,-24.02810775756836,0.6401384424807353
1_0,Y,9,-32.45669281005859,17,-17.098652,-17.098652,-32.45669281005859,0.6400318390989066
1_0,Y,14,-28.66732894897461,36,-10.744978,-10.744978,-28.66732894897461,0.6400058950172498
1_0,Y,21,-23.25823699951172,21,-16.712631,-16.712631,-23.25823699951172,0.6398819810725436
1_0,Y,20,-24.02810775756836,6,-21.8313,-21.8313,-24.02810775756836,0.6398222482569759
1_0,Y,14,-28.66732894897461,38,-10.115254,-10.115254,-28.66732894897461,0.6396954675041429
1_0,Y,12,-30.16707717895508,26,-15.844083,-15.844083,-30.16707717895508,0.6396765785637237
1_0,Y,22,-22.51836120605469,5,-22.9518,-22.9518,-22.51836120605469,0.6396193216774069
1_0,Y,6,-34.806298370361326,25,-14.630644,-14.630644,-34.806298370361326,0.6395982579272279
1_0,Y,20,-24.02810775756836,8,-20.861528,-20.861528,-24.02810775756836,0.6393028005187943
1_0,Y,5,-35.58616744995117,35,-11.603001,-11.603001,-35.58616744995117,0.6391572330970671
1_0,Y,13,-29.40720474243164,20,-17.37704,-17.37704,-29.40720474243164,0.6390631772325694
1_0,Y,21,-23.25823699951172,22,-16.512638,-16.512638,-23.25823699951172,0.6383005022753294
1_0,Y,18,-25.59784423828125,7,-22.20122,-22.20122,-25.59784423828125,0.6381544132862916
1_0,Y,10,-31.716817016601563,6,-22.05137,-22.05137,-31.716817016601563,0.6379045709739094
1_0,Y,14,-28.66732894897461,42,-8.835817,-8.835817,-28.66732894897461,0.6377458765291569
1_0,Y,13,-29.40720474243164,35,-11.997363,-11.997363,-29.40720474243164,0.6375816171929912
1_0,Y,12,-30.16707717895508,19,-18.063171,-18.063171,-30.16707717895508,0.6371947906371942
1_0,Y,20,-24.02810775756836,24,-13.983145,-13.983145,-24.02810775756836,0.6371928687655761
1_0,Y,13,-29.40720474243164,23,-16.22711,-16.22711,-29.40720474243164,0.6371275394730342
1_0,Y,15,-27.887459869384767,7,-21.55199,-21.55199,-27.887459869384767,0.6367307010960197
1_0,Y,18,-25.59784423828125,19,-18.722385,-18.722385,-25.59784423828125,0.6366946894929215
1_0,Y,19,-24.82797348022461,4,-23.181782,-23.181782,-24.82797348022461,0.6366431552440666
1_0,Y,23,-21.748490447998048,9,-21.301558,-21.301558,-21.748490447998048,0.636160574636037
1_0,Y,20,-24.02810775756836,7,-21.36141,-21.36141,-24.02810775756836,0.6360369600231945
1_0,Y,12,-30.16707717895508,37,-10.776161,-10.776161,-30.16707717895508,0.6359961731928782
1_0,Y,16,-27.09759246826172,11,-18.730919,-18.730919,-27.09759246826172,0.6359387317906886
1_0,Y,6,-34.806298370361326,13,-20.309338,-20.309338,-34.806298370361326,0.6358113096975266
1_0,Y,20,-24.02810775756836,13,-19.331888,-19.331888,-24.02810775756836,0.6354373588079963
1_0,Y,7,-34.036427612304685,2,-23.390575,-23.390575,-34.036427612304685,0.6352581607036525
1_0,Y,6,-34.806298370361326,21,-16.47022,-16.47022,-34.806298370361326,0.6352471469448646
1_0,Y,14,-28.66732894897461,22,-16.782318,-16.782318,-28.66732894897461,0.6351942026979853
1_0,Y,15,-27.887459869384767,5,-22.281948,-22.281948,-27.887459869384767,0.6349996511046248
1_0,Y,22,-22.51836120605469,19,-18.492378,-18.492378,-22.51836120605469,0.634359711146105
1_0,Y,9,-32.45669281005859,27,-13.700182,-13.700182,-32.45669281005859,0.6342293542436936
1_0,Y,21,-23.25823699951172,25,-14.982699,-14.982699,-23.25823699951172,0.6338113486702541
1_0,Y,21,-23.25823699951172,9,-21.362446,-21.362446,-23.25823699951172,0.6336593283216301
1_0,Y,14,-28.66732894897461,21,-17.132164,-17.132164,-28.66732894897461,0.6336348744104459
1_0,Y,13,-29.40720474243164,39,-10.517452,-10.517452,-29.40720474243164,0.6336103566376224
1_0,Y,13,-29.40720474243164,18,-17.87701,-17.87701,-29.40720474243164,0.6335802082628782
1_0,Y,14,-28.66732894897461,32,-12.074392,-12.074392,-28.66732894897461,0.6333886175048007
1_0,Y,22,-22.51836120605469,4,-23.151773,-23.151773,-22.51836120605469,0.6332477756624956
1_0,Y,10,-31.716817016601563,23,-15.132444,-15.132444,-31.716817016601563,0.6325997384089741
1_0,Y,21,-23.25823699951172,10,-20.872463,-20.872463,-23.25823699951172,0.6319037113237322
1_0,Y,13,-29.40720474243164,34,-12.707321,-12.707321,-29.40720474243164,0.6316259953387502
1_0,Y,12,-30.16707717895508,27,-15.544207,-15.544207,-30.16707717895508,0.6311515637366156
1_0,Y,19,-24.82797348022461,5,-22.901794,-22.901794,-24.82797348022461,0.6308298243164363
1_0,Y,12,-30.16707717895508,38,-10.536261,-10.536261,-30.16707717895508,0.6304624160926684
1_0,Y,21,-23.25823699951172,8,-21.73243,-21.73243,-23.25823699951172,0.6304408871071422
1_0,Y,10,-31.716817016601563,12,-19.711733,-19.711733,-31.716817016601563,0.6303367675659779
1_0,Y,10,-31.716817016601563,10,-20.38163,-20.38163,-31.716817016601563,0.6299153316244405
1_0,Y,9,-32.45669281005859,2,-23.935574,-23.935574,-32.45669281005859,0.6298638106536291
1_0,Y,22,-22.51836120605469,20,-18.122427,-18.122427,-22.51836120605469,0.6296726387960861
1_0,Y,21,-23.25823699951172,19,-17.582596,-17.582596,-23.25823699951172,0.629409492916012
1_0,Y,23,-21.748490447998048,19,-18.281996,-18.281996,-21.748490447998048,0.6292472021669072
1_0,Y,13,-29.40720474243164,3,-22.966705,-22.966705,-29.40720474243164,0.6292183944927854
1_0,Y,11,-30.93694793701172,30,-12.181901,-12.181901,-30.93694793701172,0.6289977101836457
1_0,Y,8,-33.24656021118164,14,-19.372105,-19.372105,-33.24656021118164,0.6289620577826822
1_0,Y,13,-29.40720474243164,10,-20.256866,-20.256866,-29.40720474243164,0.6289073898974894
1_0,Y,13,-29.40720474243164,36,-11.797375,-11.797375,-29.40720474243164,0.6286086424344839
1_0,Y,13,-29.40720474243164,37,-11.597387,-11.597387,-29.40720474243164,0.6284685851917605
1_0,Y,14,-28.66732894897461,7,-21.650175,-21.650175,-28.66732894897461,0.6281236000893913
1_0,Y,9,-32.45669281005859,1,-24.135483,-24.135483,-32.45669281005859,0.6280989895506119
1_0,Y,11,-30.93694793701172,32,-10.942093,-10.942093,-30.93694793701172,0.6278935822125309
1_0,Y,12,-30.16707717895508,18,-18.283081,-18.283081,-30.16707717895508,0.627665332226873
1_0,Y,14,-28.66732894897461,26,-14.883155,-14.883155,-28.66732894897461,0.6274949244776618
1_0,Y,7,-34.036427612304685,33,-11.9038515,-11.9038515,-34.036427612304685,0.6274706017881306
1_0,Y,20,-24.02810775756836,3,-23.200977,-23.200977,-24.02810775756836,0.6274664250358117
1_0,Y,11,-30.93694793701172,7,-20.980537,-20.980537,-30.93694793701172,0.6268652457090136
1_0,Y,19,-24.82797348022461,19,-18.282028,-18.282028,-24.82797348022461,0.6266058340321565
1_0,Y,7,-34.036427612304685,13,-19.061811,-19.061811,-34.036427612304685,0.6262074918709783
1_0,Y,22,-22.51836120605469,17,-19.272278,-19.272278,-22.51836120605469,0.6260181834275431
1_0,Y,22,-22.51836120605469,9,-21.741957,-21.741957,-22.51836120605469,0.6255806164557689
1_0,Y,23,-21.748490447998048,12,-20.381691,-20.381691,-21.748490447998048,0.6252990198489392
1_0,Y,8,-33.24656021118164,7,-22.43143,-22.43143,-33.24656021118164,0.6249659628256103
1_0,Y,22,-22.51836120605469,15,-19.772213,-19.772213,-22.51836120605469,0.6249312432278546
1_0,Y,19,-24.82797348022461,6,-22.721806,-22.721806,-24.82797348022461,0.6249074610245687
1_0,Y,9,-32.45669281005859,12,-18.697933,-18.697933,-32.45669281005859,0.6247553258645726
1_0,Y,23,-21.748490447998048,7,-21.941465,-21.941465,-21.748490447998048,0.6245384728804831
1_0,Y,14,-28.66732894897461,9,-21.010456,-21.010456,-28.66732894897461,0.6245289681860301
1_0,Y,13,-29.40720474243164,27,-15.04718,-15.04718,-29.40720474243164,0.623636799114625
1_0,Y,13,-29.40720474243164,28,-14.767197,-14.767197,-29.40720474243164,0.6236094650272789
1_0,Y,22,-22.51836120605469,16,-19.612234,-19.612234,-22.51836120605469,0.6227133301523784
1_0,Y,12,-30.16707717895508,32,-12.835318,-12.835318,-30.16707717895508,0.6226873082471767
1_0,Y,8,-33.24656021118164,10,-20.771797,-20.771797,-33.24656021118164,0.6226434486362152
1_0,Y,17,-26.35771667480469,13,-20.642452,-20.642452,-26.35771667480469,0.6225823729628783
1_0,Y,9,-32.45669281005859,3,-23.465786,-23.465786,-32.45669281005859,0.622373221445611
1_0,Y,9,-32.45669281005859,9,-20.43715,-20.43715,-32.45669281005859,0.6221340988740497
1_0,Y,7,-34.036427612304685,10,-20.181492,-20.181492,-34.036427612304685,0.6220203330327732
1_0,Y,16,-27.09759246826172,2,-23.689852,-23.689852,-27.09759246826172,0.6219031874575699
1_0,Y,12,-30.16707717895508,23,-16.963623,-16.963623,-30.16707717895508,0.6219030611838983
1_0,Y,5,-35.58616744995117,2,-23.689495,-23.689495,-35.58616744995117,0.6218196086502981
1_0,Y,8,-33.24656021118164,22,-16.372765,-16.372765,-33.24656021118164,0.6217727267762371
1_0,Y,5,-35.58616744995117,29,-13.5424385,-13.5424385,-35.58616744995117,0.6216827828870222
1_0,Y,5,-35.58616744995117,10,-21.110243,-21.110243,-35.58616744995117,0.6214572839784126
1_0,Y,7,-34.036427612304685,38,-10.024387,-10.024387,-34.036427612304685,0.6213811843153767
1_0,Y,8,-33.24656021118164,13,-19.812008,-19.812008,-33.24656021118164,0.62136213448447
1_0,Y,16,-27.09759246826172,6,-21.33036,-21.33036,-27.09759246826172,0.6208741175430788
1_0,Y,15,-27.887459869384767,2,-23.341885,-23.341885,-27.887459869384767,0.6206515409305206
1_0,Y,20,-24.02810775756836,1,-24.160753,-24.160753,-24.02810775756836,0.6204968823542562
1_0,Y,19,-24.82797348022461,1,-24.181732,-24.181732,-24.82797348022461,0.6204152703143129
1_0,Y,8,-33.24656021118164,12,-20.061953,-20.061953,-33.24656021118164,0.6203155828215612
1_0,Y,8,-33.24656021118164,6,-22.681376,-22.681376,-33.24656021118164,0.6200043527501219
1_0,Y,8,-33.24656021118164,17,-17.842442,-17.842442,-33.24656021118164,0.6199340793987315
1_0,Y,8,-33.24656021118164,11,-20.241913,-20.241913,-33.24656021118164,0.619633855196742
1_0,Y,21,-23.25823699951172,13,-19.782509,-19.782509,-23.25823699951172,0.6190083678787595
1_0,Y,14,-28.66732894897461,19,-17.701912,-17.701912,-28.66732894897461,0.6189623527238874
1_0,Y,14,-28.66732894897461,15,-18.811424,-18.811424,-28.66732894897461,0.6184018432099752
1_0,Y,13,-29.40720474243164,11,-20.026882,-20.026882,-29.40720474243164,0.6183456850943347
1_0,Y,23,-21.748490447998048,20,-17.862057,-17.862057,-21.748490447998048,0.6180460823101153
1_0,Y,19,-24.82797348022461,2,-23.80175,-23.80175,-24.82797348022461,0.6178995058111922
1_0,Y,15,-27.887459869384767,18,-17.74222,-17.74222,-27.887459869384767,0.6176741100440732
1_0,Y,14,-28.66732894897461,34,-11.62459,-11.62459,-28.66732894897461,0.6174461364768348
1_0,Y,6,-34.806298370361326,27,-14.160753,-14.160753,-34.806298370361326,0.6169542507972244
1_0,Y,6,-34.806298370361326,9,-21.349098,-21.349098,-34.806298370361326,0.6168725508602642
1_0,Y,10,-31.716817016601563,13,-19.461773,-19.461773,-31.716817016601563,0.6168225774025596
1_0,Y,22,-22.51836120605469,13,-20.79208,-20.79208,-22.51836120605469,0.615753061376
1_0,Y,15,-27.887459869384767,4,-22.551931,-22.551931,-27.887459869384767,0.6153791064572387
1_0,Y,13,-29.40720474243164,30,-14.257227,-14.257227,-29.40720474243164,0.6150549505420616
1_0,Y,14,-28.66732894897461,11,-20.320759,-20.320759,-28.66732894897461,0.6150113361458588
1_0,Y,18,-25.59784423828125,2,-23.640736,-23.640736,-25.59784423828125,0.6142405702910968
1_0,Y,8,-33.24656021118164,27,-14.773117,-14.773117,-33.24656021118164,0.6129923335374287
1_0,Y,13,-29.40720474243164,9,-20.846832,-20.846832,-29.40720474243164,0.6129388906890277
1_0,Y,7,-34.036427612304685,11,-19.901571,-19.901571,-34.036427612304685,0.6119797650061867
1_0,Y,7,-34.036427612304685,12,-19.491688,-19.491688,-34.036427612304685,0.6118591889003127
1_0,Y,21,-23.25823699951172,15,-19.102535,-19.102535,-23.25823699951172,0.6115284197682933
1_0,Y,12,-30.16707717895508,35,-11.985666,-11.985666,-30.16707717895508,0.6114225762447558
1_0,Y,13,-29.40720474243164,26,-15.347162,-15.347162,-29.40720474243164,0.6105802468217247
1_0,Y,20,-24.02810775756836,16,-18.182158,-18.182158,-24.02810775756836,0.6098744577964959
1_0,Y,21,-23.25823699951172,4,-22.752388,-22.752388,-23.25823699951172,0.6095903917477904
1_0,Y,18,-25.59784423828125,1,-23.840672,-23.840672,-25.59784423828125,0.6093867123128034
1_0,Y,19,-24.82797348022461,20,-18.03204,-18.03204,-24.82797348022461,0.6088012366169601
1_0,Y,13,-29.40720474243164,22,-16.667084,-16.667084,-29.40720474243164,0.6079687651289396
1_0,Y,21,-23.25823699951172,12,-20.182491,-20.182491,-23.25823699951172,0.6078351002532053
1_0,Y,14,-28.66732894897461,10,-20.710588,-20.710588,-28.66732894897461,0.607744544569321
1_0,Y,12,-30.16707717895508,28,-15.02442,-15.02442,-30.16707717895508,0.6070956191731521
1_0,Y,13,-29.40720474243164,12,-19.826893,-19.826893,-29.40720474243164,0.6065286776189589
1_0,Y,16,-27.09759246826172,1,-24.089766,-24.089766,-27.09759246826172,0.6060410161207731
1_0,Y,21,-23.25823699951172,14,-19.44252,-19.44252,-23.25823699951172,0.6054626145665218
1_0,Y,20,-24.02810775756836,2,-23.540897,-23.540897,-24.02810775756836,0.6052193529207173
1_0,Y,12,-30.16707717895508,10,-21.14191,-21.14191,-30.16707717895508,0.6050086092980281
1_0,Y,6,-34.806298370361326,14,-19.459534,-19.459534,-34.806298370361326,0.6049414919356142
1_0,Y,21,-23.25823699951172,11,-20.402483,-20.402483,-23.25823699951172,0.6046631198600976
1_0,Y,11,-30.93694793701172,28,-13.191745,-13.191745,-30.93694793701172,0.6045935589477676
1_0,Y,23,-21.748490447998048,4,-23.031307,-23.031307,-21.748490447998048,0.6043165618401153
1_0,Y,13,-29.40720474243164,24,-15.887129,-15.887129,-29.40720474243164,0.6042272307429161
1_0,Y,16,-27.09759246826172,5,-22.17018,-22.17018,-27.09759246826172,0.6040583691783692
1_0,Y,21,-23.25823699951172,2,-23.632355,-23.632355,-23.25823699951172,0.6039933267457873
1_0,Y,13,-29.40720474243164,32,-13.787256,-13.787256,-29.40720474243164,0.6034579765339672
1_0,Y,10,-31.716817016601563,22,-15.362409,-15.362409,-31.716817016601563,0.6031680070098051
1_0,Y,12,-30.16707717895508,12,-20.382221,-20.382221,-30.16707717895508,0.602629800097411
1_0,Y,21,-23.25823699951172,3,-23.102375,-23.102375,-23.25823699951172,0.6023901552491501
1_0,Y,23,-21.748490447998048,11,-20.651653,-20.651653,-21.748490447998048,0.6021701335300127
1_0,Y,13,-29.40720474243164,1,-23.68666,-23.68666,-29.40720474243164,0.6007348913069035
1_0,Y,9,-32.45669281005859,15,-17.848314,-17.848314,-32.45669281005859,0.6007180750740115
1_0,Y,14,-28.66732894897461,12,-19.990906,-19.990906,-28.66732894897461,0.6006585534097842
1_0,Y,6,-34.806298370361326,12,-20.499294,-20.499294,-34.806298370361326,0.6002168857616591
1_0,Y,14,-28.66732894897461,37,-10.365145,-10.365145,-28.66732894897461,0.5993695408188706
1_0,Y,20,-24.02810775756836,9,-20.571596,-20.571596,-24.02810775756836,0.5993340678827765
1_0,Y,13,-29.40720474243164,25,-15.697142,-15.697142,-29.40720474243164,0.5990354868521562
1_0,Y,10,-31.716817016601563,9,-20.881552,-20.881552,-31.716817016601563,0.5986698010613339
1_0,Y,11,-30.93694793701172,2,-23.390163,-23.390163,-30.93694793701172,0.5983509694111038
1_0,Y,22,-22.51836120605469,2,-23.831684,-23.831684,-22.51836120605469,0.5981359483587632
1_0,Y,6,-34.806298370361326,19,-17.469992,-17.469992,-34.806298370361326,0.5978841443819232
1_0,Y,21,-23.25823699951172,18,-17.852585,-17.852585,-23.25823699951172,0.597820278646437
1_0,Y,23,-21.748490447998048,8,-21.661507,-21.661507,-21.748490447998048,0.5973039689333224
1_0,Y,11,-30.93694793701172,8,-20.63059,-20.63059,-30.93694793701172,0.5972531361080364
1_0,Y,14,-28.66732894897461,3,-23.29945,-23.29945,-28.66732894897461,0.596787095478872
1_0,Y,10,-31.716817016601563,18,-17.272112,-17.272112,-31.716817016601563,0.5964302176656947
1_0,Y,9,-32.45669281005859,19,-16.358986,-16.358986,-32.45669281005859,0.5948749959872879
1_0,Y,21,-23.25823699951172,1,-23.912342,-23.912342,-23.25823699951172,0.5947282829587188
1_0,Y,21,-23.25823699951172,16,-18.892544,-18.892544,-23.25823699951172,0.5944570909751313
1_0,Y,7,-34.036427612304685,19,-16.47255,-16.47255,-34.036427612304685,0.5938347966512872
1_0,Y,21,-23.25823699951172,17,-18.142574,-18.142574,-23.25823699951172,0.5917765787874656
1_0,Y,9,-32.45669281005859,4,-22.7661,-22.7661,-32.45669281005859,0.5916758513292911
1_0,Y,19,-24.82797348022461,17,-19.051989,-19.051989,-24.82797348022461,0.591399767584031
1_0,Y,12,-30.16707717895508,11,-20.82204,-20.82204,-30.16707717895508,0.5913619993877888
1_0,Y,14,-28.66732894897461,6,-22.040005,-22.040005,-28.66732894897461,0.5912988226801095
1_0,Y,13,-29.40720474243164,17,-18.21699,-18.21699,-29.40720474243164,0.5910434485030613
1_0,Y,13,-29.40720474243164,16,-18.466974,-18.466974,-29.40720474243164,0.59046919811087
1_0,Y,13,-29.40720474243164,5,-22.586727,-22.586727,-29.40720474243164,0.5896680201855952
1_0,Y,16,-27.09759246826172,4,-22.510105,-22.510105,-27.09759246826172,0.5896002546082543
1_0,Y,21,-23.25823699951172,7,-21.99242,-21.99242,-23.25823699951172,0.588840681245056
1_0,Y,12,-30.16707717895508,36,-11.325936,-11.325936,-30.16707717895508,0.5886397541560295
1_0,Y,6,-34.806298370361326,2,-23.698559,-23.698559,-34.806298370361326,0.5878605241921209
1_0,Y,14,-28.66732894897461,35,-11.164793,-11.164793,-28.66732894897461,0.5878043170603302
1_0,Y,12,-30.16707717895508,17,-18.602951,-18.602951,-30.16707717895508,0.5875256148288175
1_0,Y,10,-31.716817016601563,5,-22.481304,-22.481304,-31.716817016601563,0.5871201660291782
1_0,Y,7,-34.036427612304685,4,-22.510828,-22.510828,-34.036427612304685,0.5867007523179294
1_0,Y,23,-21.748490447998048,2,-23.681213,-23.681213,-21.748490447998048,0.5863610617005993
1_0,Y,10,-31.716817016601563,2,-23.631126,-23.631126,-31.716817016601563,0.5861933618588411
1_0,Y,22,-22.51836120605469,1,-24.001663,-24.001663,-22.51836120605469,0.5860672595288213
1_0,Y,6,-34.806298370361326,38,-10.711546,-10.711546,-34.806298370361326,0.5859456438473258
1_0,Y,5,-35.58616744995117,30,-13.252523,-13.252523,-35.58616744995117,0.5854863668323028
1_0,Y,23,-21.748490447998048,1,-23.971172,-23.971172,-21.748490447998048,0.5851941014984497
1_0,Y,10,-31.716817016601563,7,-21.761415,-21.761415,-31.716817016601563,0.5841141683506588
1_0,Y,6,-34.806298370361326,1,-23.938503,-23.938503,-34.806298370361326,0.5832720058032106
1_0,Y,14,-28.66732894897461,1,-23.969154,-23.969154,-28.66732894897461,0.5829370213028712
1_0,Y,14,-28.66732894897461,27,-14.613274,-14.613274,-28.66732894897461,0.5822142098427268
1_0,Y,8,-33.24656021118164,5,-23.0313,-23.0313,-33.24656021118164,0.5817520103683632
1_0,Y,14,-28.66732894897461,33,-11.824501,-11.824501,-28.66732894897461,0.5817342106274779
1_0,Y,11,-30.93694793701172,6,-21.720423,-21.720423,-30.93694793701172,0.5814420929708838
1_0,Y,14,-28.66732894897461,40,-9.685444,-9.685444,-28.66732894897461,0.5804751006825831
1_0,Y,12,-30.16707717895508,48,-6.9177446,-6.9177446,-30.16707717895508,0.5798601920014704
1_0,Y,15,-27.887459869384767,3,-22.911911,-22.911911,-27.887459869384767,0.5792191685268041
1_0,Y,11,-30.93694793701172,48,-4.5830784,-4.5830784,-30.93694793701172,0.5783858893475495
1_0,Y,11,-30.93694793701172,5,-22.00038,-22.00038,-30.93694793701172,0.5778157622964506
1_0,Y,5,-35.58616744995117,7,-22.519835,-22.519835,-35.58616744995117,0.5764831359473306
1_0,Y,6,-34.806298370361326,17,-18.159832,-18.159832,-34.806298370361326,0.5758550854820953
1_0,Y,13,-29.40720474243164,8,-21.05682,-21.05682,-29.40720474243164,0.5757926164352033
1_0,Y,7,-34.036427612304685,18,-16.842443,-16.842443,-34.036427612304685,0.5750068461294064
1_0,Y,7,-34.036427612304685,8,-20.831306,-20.831306,-34.036427612304685,0.5745052185812094
1_0,Y,11,-30.93694793701172,3,-22.730267,-22.730267,-30.93694793701172,0.574082111579432
1_0,Y,9,-32.45669281005859,20,-16.07911,-16.07911,-32.45669281005859,0.5737938914881552
1_0,Y,7,-34.036427612304685,3,-22.950703,-22.950703,-34.036427612304685,0.5727426371895532
1_0,Y,6,-34.806298370361326,10,-21.16914,-21.16914,-34.806298370361326,0.5724225609470343
1_0,Y,12,-30.16707717895508,22,-17.193531,-17.193531,-30.16707717895508,0.5696290144259775
1_0,Y,7,-34.036427612304685,15,-17.902142,-17.902142,-34.036427612304685,0.5690839694626616
1_0,Y,11,-30.93694793701172,4,-22.400316,-22.400316,-30.93694793701172,0.5683259064965469
1_0,Y,11,-30.93694793701172,21,-15.9413185,-15.9413185,-30.93694793701172,0.567209356082239
1_0,Y,5,-35.58616744995117,9,-21.420155,-21.420155,-35.58616744995117,0.5671410448967537
1_0,Y,5,-35.58616744995117,31,-13.022589,-13.022589,-35.58616744995117,0.5669768324436866
1_0,Y,12,-30.16707717895508,2,-23.331013,-23.331013,-30.16707717895508,0.566589333458038
1_0,Y,5,-35.58616744995117,33,-12.19283,-12.19283,-35.58616744995117,0.5662409646267529
1_0,Y,20,-24.02810775756836,10,-20.331654,-20.331654,-24.02810775756836,0.564744636080844
1_0,Y,9,-32.45669281005859,21,-15.829224,-15.829224,-32.45669281005859,0.5645603860241766
1_0,Y,7,-34.036427612304685,34,-11.713905,-11.713905,-34.036427612304685,0.5644691180511883
1_0,Y,23,-21.748490447998048,3,-23.321266,-23.321266,-21.748490447998048,0.5639084401569947
1_0,Y,5,-35.58616744995117,34,-11.9928875,-11.9928875,-35.58616744995117,0.5638061497698462
1_0,Y,12,-30.16707717895508,34,-12.215571,-12.215571,-30.16707717895508,0.5616119767797865
1_0,Y,14,-28.66732894897461,2,-23.49936,-23.49936,-28.66732894897461,0.5606024017215525
1_0,Y,9,-32.45669281005859,5,-22.326298,-22.326298,-32.45669281005859,0.5594140285585343
1_0,Y,11,-30.93694793701172,20,-16.231274,-16.231274,-30.93694793701172,0.5591354393227776
1_0,Y,12,-30.16707717895508,9,-21.511757,-21.511757,-30.16707717895508,0.5591061039670564
1_0,Y,11,-30.93694793701172,22,-15.4014015,-15.4014015,-30.93694793701172,0.5566182918309942
1_0,Y,13,-29.40720474243164,6,-21.916767,-21.916767,-29.40720474243164,0.5555293538456736
1_0,Y,12,-30.16707717895508,1,-23.960754,-23.960754,-30.16707717895508,0.5550880149521324
1_0,Y,11,-30.93694793701172,1,-24.070059,-24.070059,-30.93694793701172,0.5542495778388369
1_0,Y,13,-29.40720474243164,2,-23.296684,-23.296684,-29.40720474243164,0.5534928490240221
1_0,Y,6,-34.806298370361326,18,-17.789917,-17.789917,-34.806298370361326,0.5533077681070352
1_0,Y,12,-30.16707717895508,3,-23.09111,-23.09111,-30.16707717895508,0.553264056860057
1_0,Y,13,-29.40720474243164,4,-22.776716,-22.776716,-29.40720474243164,0.5521653930535246
1_0,Y,10,-31.716817016601563,8,-21.261494,-21.261494,-31.716817016601563,0.5516627446823372
1_0,Y,12,-30.16707717895508,4,-22.891193,-22.891193,-30.16707717895508,0.5509773952755729
1_0,Y,12,-30.16707717895508,33,-12.375505,-12.375505,-30.16707717895508,0.5492320763928313
1_0,Y,13,-29.40720474243164,7,-21.596786,-21.596786,-29.40720474243164,0.5473249829469938
1_0,Y,14,-28.66732894897461,5,-22.369858,-22.369858,-28.66732894897461,0.5459029936435389
1_0,Y,5,-35.58616744995117,14,-19.690655,-19.690655,-35.58616744995117,0.5441465217245723
1_0,Y,14,-28.66732894897461,4,-22.739697,-22.739697,-28.66732894897461,0.5434787506242413
1_0,Y,5,-35.58616744995117,13,-20.19051,-20.19051,-35.58616744995117,0.5429230683689783
1_0,Y,15,-27.887459869384767,1,-23.701862,-23.701862,-27.887459869384767,0.5415883896832973
1_0,Y,10,-31.716817016601563,4,-23.011223,-23.011223,-31.716817016601563,0.5408702025379654
1_0,Y,5,-35.58616744995117,5,-22.959705,-22.959705,-35.58616744995117,0.5385796585444602
1_0,Y,12,-30.16707717895508,5,-22.721264,-22.721264,-30.16707717895508,0.5366217234305642
1_0,Y,5,-35.58616744995117,1,-23.909431,-23.909431,-35.58616744995117,0.535815839391443
1_0,Y,9,-32.45669281005859,6,-21.876501,-21.876501,-32.45669281005859,0.5355006186254849
1_0,Y,5,-35.58616744995117,4,-23.159649,-23.159649,-35.58616744995117,0.5353515030860506
1_0,Y,5,-35.58616744995117,32,-12.672691,-12.672691,-35.58616744995117,0.535121495214769
1_0,Y,9,-32.45669281005859,7,-21.646605,-21.646605,-32.45669281005859,0.5322753350894486
1_0,Y,14,-28.66732894897461,28,-14.443348,-14.443348,-28.66732894897461,0.5319277100794334
1_0,Y,12,-30.16707717895508,6,-22.511349,-22.511349,-30.16707717895508,0.526633409772271
1_0,Y,11,-30.93694793701172,47,-4.7430534,-4.7430534,-30.93694793701172,0.5218104876025136
1_0,Y,5,-35.58616744995117,3,-23.49955,-23.49955,-35.58616744995117,0.5157204104077503
1_0,Y,10,-31.716817016601563,3,-23.181196,-23.181196,-31.716817016601563,0.5142146866997899
1_0,Y,9,-32.45669281005859,8,-21.036879,-21.036879,-32.45669281005859,0.5128224459167113
1_0,Y,7,-34.036427612304685,9,-20.54139,-20.54139,-34.036427612304685,0.5101735971556519
1_0,Y,12,-30.16707717895508,8,-21.921589,-21.921589,-30.16707717895508,0.5071279178799575
1_0,Y,12,-30.16707717895508,30,-14.084805,-14.084805,-30.16707717895508,0.5037862312771945
1_0,Y,12,-30.16707717895508,20,-17.813274,-17.813274,-30.16707717895508,0.5033805844606595
1_0,Y,13,-29.40720474243164,33,-13.067299,-13.067299,-29.40720474243164,0.4969606723233161
1_0,Y,12,-30.16707717895508,7,-22.241459,-22.241459,-30.16707717895508,0.4878178533714946
1_0,Y,5,-35.58616744995117,6,-22.759766,-22.759766,-35.58616744995117,0.45504907524819216
1_0,Y,7,-34.036427612304685,16,-17.562239,-17.562239,-34.036427612304685,0.442208148967013
1_0,Y,12,-30.16707717895508,29,-14.344698,-14.344698,-30.16707717895508,0.4262390641639703
1_0,Y,12,-30.16707717895508,21,-17.573372,-17.573372,-30.16707717895508,0.12703675921959784
1_0,Y,5,-35.58616744995117,12,-20.640379,-20.640379,-35.58616744995117,0.04863704184152608
